-- MySQL dump 10.13  Distrib 8.0.36, for Linux (x86_64)
--
-- Host: localhost    Database: nasecostore
-- ------------------------------------------------------
-- Server version	8.0.36-0ubuntu0.22.04.1

/*!40101 SET @OLD_CHARACTER_SET_CLIENT=@@CHARACTER_SET_CLIENT */;
/*!40101 SET @OLD_CHARACTER_SET_RESULTS=@@CHARACTER_SET_RESULTS */;
/*!40101 SET @OLD_COLLATION_CONNECTION=@@COLLATION_CONNECTION */;
/*!50503 SET NAMES utf8mb4 */;
/*!40103 SET @OLD_TIME_ZONE=@@TIME_ZONE */;
/*!40103 SET TIME_ZONE='+00:00' */;
/*!40014 SET @OLD_UNIQUE_CHECKS=@@UNIQUE_CHECKS, UNIQUE_CHECKS=0 */;
/*!40014 SET @OLD_FOREIGN_KEY_CHECKS=@@FOREIGN_KEY_CHECKS, FOREIGN_KEY_CHECKS=0 */;
/*!40101 SET @OLD_SQL_MODE=@@SQL_MODE, SQL_MODE='NO_AUTO_VALUE_ON_ZERO' */;
/*!40111 SET @OLD_SQL_NOTES=@@SQL_NOTES, SQL_NOTES=0 */;

--
-- Table structure for table `chemical_transactions`
--

DROP TABLE IF EXISTS `chemical_transactions`;
/*!40101 SET @saved_cs_client     = @@character_set_client */;
/*!50503 SET character_set_client = utf8mb4 */;
CREATE TABLE `chemical_transactions` (
  `id` bigint unsigned NOT NULL AUTO_INCREMENT,
  `vehicle_id` bigint unsigned DEFAULT NULL,
  `person_id` bigint unsigned DEFAULT NULL,
  `user_id` bigint unsigned DEFAULT NULL,
  `chemical_id` bigint unsigned DEFAULT NULL,
  `delivery_note_no` varchar(255) COLLATE utf8mb4_unicode_ci DEFAULT NULL,
  `internal_delivery_no` varchar(255) COLLATE utf8mb4_unicode_ci DEFAULT NULL,
  `no_of_packs` varchar(255) COLLATE utf8mb4_unicode_ci DEFAULT NULL,
  `receipt_no` varchar(255) COLLATE utf8mb4_unicode_ci DEFAULT NULL,
  `destination` varchar(255) COLLATE utf8mb4_unicode_ci DEFAULT NULL,
  `type` varchar(255) COLLATE utf8mb4_unicode_ci DEFAULT NULL,
  `date` date NOT NULL,
  `created_at` timestamp NULL DEFAULT NULL,
  `updated_at` timestamp NULL DEFAULT NULL,
  `is_reversed` tinyint(1) NOT NULL DEFAULT '0',
  `reversal_reason` text COLLATE utf8mb4_unicode_ci,
  `reversed_by` bigint unsigned DEFAULT NULL,
  `reverses` bigint unsigned DEFAULT NULL,
  PRIMARY KEY (`id`),
  KEY `chemical_transactions_vehicle_id_foreign` (`vehicle_id`),
  KEY `chemical_transactions_person_id_foreign` (`person_id`),
  KEY `chemical_transactions_user_id_foreign` (`user_id`),
  KEY `chemical_transactions_chemical_id_foreign` (`chemical_id`),
  KEY `chemical_transactions_reversed_by_foreign` (`reversed_by`),
  KEY `chemical_transactions_reverses_foreign` (`reverses`),
  CONSTRAINT `chemical_transactions_chemical_id_foreign` FOREIGN KEY (`chemical_id`) REFERENCES `chemicals` (`id`),
  CONSTRAINT `chemical_transactions_person_id_foreign` FOREIGN KEY (`person_id`) REFERENCES `people` (`id`),
  CONSTRAINT `chemical_transactions_reversed_by_foreign` FOREIGN KEY (`reversed_by`) REFERENCES `chemical_transactions` (`id`) ON DELETE SET NULL,
  CONSTRAINT `chemical_transactions_reverses_foreign` FOREIGN KEY (`reverses`) REFERENCES `chemical_transactions` (`id`) ON DELETE SET NULL,
  CONSTRAINT `chemical_transactions_user_id_foreign` FOREIGN KEY (`user_id`) REFERENCES `users` (`id`),
  CONSTRAINT `chemical_transactions_vehicle_id_foreign` FOREIGN KEY (`vehicle_id`) REFERENCES `vehicles` (`id`)
) ENGINE=InnoDB DEFAULT CHARSET=utf8mb4 COLLATE=utf8mb4_unicode_ci;
/*!40101 SET character_set_client = @saved_cs_client */;

--
-- Dumping data for table `chemical_transactions`
--

LOCK TABLES `chemical_transactions` WRITE;
/*!40000 ALTER TABLE `chemical_transactions` DISABLE KEYS */;
/*!40000 ALTER TABLE `chemical_transactions` ENABLE KEYS */;
UNLOCK TABLES;

--
-- Table structure for table `chemicals`
--

DROP TABLE IF EXISTS `chemicals`;
/*!40101 SET @saved_cs_client     = @@character_set_client */;
/*!50503 SET character_set_client = utf8mb4 */;
CREATE TABLE `chemicals` (
  `id` bigint unsigned NOT NULL AUTO_INCREMENT,
  `name` varchar(255) COLLATE utf8mb4_unicode_ci NOT NULL,
  `code` varchar(255) COLLATE utf8mb4_unicode_ci DEFAULT NULL,
  `category` varchar(255) COLLATE utf8mb4_unicode_ci DEFAULT NULL,
  `purpose` text COLLATE utf8mb4_unicode_ci,
  `unit_of_measure` varchar(255) COLLATE utf8mb4_unicode_ci DEFAULT NULL,
  `quantity_per_pack` varchar(255) COLLATE utf8mb4_unicode_ci DEFAULT NULL,
  `rate` varchar(255) COLLATE utf8mb4_unicode_ci DEFAULT NULL,
  `unit_price` decimal(15,2) NOT NULL DEFAULT '0.00',
  `balance` decimal(15,2) NOT NULL DEFAULT '0.00',
  `created_at` timestamp NULL DEFAULT NULL,
  `updated_at` timestamp NULL DEFAULT NULL,
  PRIMARY KEY (`id`)
) ENGINE=InnoDB DEFAULT CHARSET=utf8mb4 COLLATE=utf8mb4_unicode_ci;
/*!40101 SET character_set_client = @saved_cs_client */;

--
-- Dumping data for table `chemicals`
--

LOCK TABLES `chemicals` WRITE;
/*!40000 ALTER TABLE `chemicals` DISABLE KEYS */;
/*!40000 ALTER TABLE `chemicals` ENABLE KEYS */;
UNLOCK TABLES;

--
-- Table structure for table `failed_jobs`
--

DROP TABLE IF EXISTS `failed_jobs`;
/*!40101 SET @saved_cs_client     = @@character_set_client */;
/*!50503 SET character_set_client = utf8mb4 */;
CREATE TABLE `failed_jobs` (
  `id` bigint unsigned NOT NULL AUTO_INCREMENT,
  `uuid` varchar(255) COLLATE utf8mb4_unicode_ci NOT NULL,
  `connection` text COLLATE utf8mb4_unicode_ci NOT NULL,
  `queue` text COLLATE utf8mb4_unicode_ci NOT NULL,
  `payload` longtext COLLATE utf8mb4_unicode_ci NOT NULL,
  `exception` longtext COLLATE utf8mb4_unicode_ci NOT NULL,
  `failed_at` timestamp NOT NULL DEFAULT CURRENT_TIMESTAMP,
  PRIMARY KEY (`id`),
  UNIQUE KEY `failed_jobs_uuid_unique` (`uuid`)
) ENGINE=InnoDB DEFAULT CHARSET=utf8mb4 COLLATE=utf8mb4_unicode_ci;
/*!40101 SET character_set_client = @saved_cs_client */;

--
-- Dumping data for table `failed_jobs`
--

LOCK TABLES `failed_jobs` WRITE;
/*!40000 ALTER TABLE `failed_jobs` DISABLE KEYS */;
/*!40000 ALTER TABLE `failed_jobs` ENABLE KEYS */;
UNLOCK TABLES;

--
-- Table structure for table `fertiliser_transactions`
--

DROP TABLE IF EXISTS `fertiliser_transactions`;
/*!40101 SET @saved_cs_client     = @@character_set_client */;
/*!50503 SET character_set_client = utf8mb4 */;
CREATE TABLE `fertiliser_transactions` (
  `id` bigint unsigned NOT NULL AUTO_INCREMENT,
  `vehicle_id` bigint unsigned DEFAULT NULL,
  `person_id` bigint unsigned DEFAULT NULL,
  `user_id` bigint unsigned DEFAULT NULL,
  `fertiliser_id` bigint unsigned DEFAULT NULL,
  `delivery_note_no` varchar(255) COLLATE utf8mb4_unicode_ci DEFAULT NULL,
  `internal_delivery_no` varchar(255) COLLATE utf8mb4_unicode_ci DEFAULT NULL,
  `no_of_packs` varchar(255) COLLATE utf8mb4_unicode_ci DEFAULT NULL,
  `receipt_no` varchar(255) COLLATE utf8mb4_unicode_ci DEFAULT NULL,
  `destination` varchar(255) COLLATE utf8mb4_unicode_ci DEFAULT NULL,
  `type` varchar(255) COLLATE utf8mb4_unicode_ci DEFAULT NULL,
  `date` date NOT NULL,
  `created_at` timestamp NULL DEFAULT NULL,
  `updated_at` timestamp NULL DEFAULT NULL,
  `is_reversed` tinyint(1) NOT NULL DEFAULT '0',
  `reversal_reason` text COLLATE utf8mb4_unicode_ci,
  `reversed_by` bigint unsigned DEFAULT NULL,
  `reverses` bigint unsigned DEFAULT NULL,
  PRIMARY KEY (`id`),
  KEY `fertiliser_transactions_vehicle_id_foreign` (`vehicle_id`),
  KEY `fertiliser_transactions_person_id_foreign` (`person_id`),
  KEY `fertiliser_transactions_user_id_foreign` (`user_id`),
  KEY `fertiliser_transactions_fertiliser_id_foreign` (`fertiliser_id`),
  KEY `fertiliser_transactions_reversed_by_foreign` (`reversed_by`),
  KEY `fertiliser_transactions_reverses_foreign` (`reverses`),
  CONSTRAINT `fertiliser_transactions_fertiliser_id_foreign` FOREIGN KEY (`fertiliser_id`) REFERENCES `fertilisers` (`id`),
  CONSTRAINT `fertiliser_transactions_person_id_foreign` FOREIGN KEY (`person_id`) REFERENCES `people` (`id`),
  CONSTRAINT `fertiliser_transactions_reversed_by_foreign` FOREIGN KEY (`reversed_by`) REFERENCES `fertiliser_transactions` (`id`) ON DELETE SET NULL,
  CONSTRAINT `fertiliser_transactions_reverses_foreign` FOREIGN KEY (`reverses`) REFERENCES `fertiliser_transactions` (`id`) ON DELETE SET NULL,
  CONSTRAINT `fertiliser_transactions_user_id_foreign` FOREIGN KEY (`user_id`) REFERENCES `users` (`id`),
  CONSTRAINT `fertiliser_transactions_vehicle_id_foreign` FOREIGN KEY (`vehicle_id`) REFERENCES `vehicles` (`id`)
) ENGINE=InnoDB DEFAULT CHARSET=utf8mb4 COLLATE=utf8mb4_unicode_ci;
/*!40101 SET character_set_client = @saved_cs_client */;

--
-- Dumping data for table `fertiliser_transactions`
--

LOCK TABLES `fertiliser_transactions` WRITE;
/*!40000 ALTER TABLE `fertiliser_transactions` DISABLE KEYS */;
/*!40000 ALTER TABLE `fertiliser_transactions` ENABLE KEYS */;
UNLOCK TABLES;

--
-- Table structure for table `fertilisers`
--

DROP TABLE IF EXISTS `fertilisers`;
/*!40101 SET @saved_cs_client     = @@character_set_client */;
/*!50503 SET character_set_client = utf8mb4 */;
CREATE TABLE `fertilisers` (
  `id` bigint unsigned NOT NULL AUTO_INCREMENT,
  `name` varchar(255) COLLATE utf8mb4_unicode_ci NOT NULL,
  `code` varchar(255) COLLATE utf8mb4_unicode_ci DEFAULT NULL,
  `quantity_per_pack` varchar(255) COLLATE utf8mb4_unicode_ci DEFAULT NULL,
  `rate` varchar(255) COLLATE utf8mb4_unicode_ci DEFAULT NULL,
  `unit_price` decimal(15,2) NOT NULL DEFAULT '0.00',
  `balance` decimal(15,2) NOT NULL DEFAULT '0.00',
  `created_at` timestamp NULL DEFAULT NULL,
  `updated_at` timestamp NULL DEFAULT NULL,
  PRIMARY KEY (`id`)
) ENGINE=InnoDB DEFAULT CHARSET=utf8mb4 COLLATE=utf8mb4_unicode_ci;
/*!40101 SET character_set_client = @saved_cs_client */;

--
-- Dumping data for table `fertilisers`
--

LOCK TABLES `fertilisers` WRITE;
/*!40000 ALTER TABLE `fertilisers` DISABLE KEYS */;
/*!40000 ALTER TABLE `fertilisers` ENABLE KEYS */;
UNLOCK TABLES;

--
-- Table structure for table `fuel_transactions`
--

DROP TABLE IF EXISTS `fuel_transactions`;
/*!40101 SET @saved_cs_client     = @@character_set_client */;
/*!50503 SET character_set_client = utf8mb4 */;
CREATE TABLE `fuel_transactions` (
  `id` bigint unsigned NOT NULL AUTO_INCREMENT,
  `vehicle_id` bigint unsigned DEFAULT NULL,
  `person_id` bigint unsigned DEFAULT NULL,
  `user_id` bigint unsigned DEFAULT NULL,
  `type` varchar(255) COLLATE utf8mb4_unicode_ci NOT NULL,
  `quantity` decimal(15,2) NOT NULL DEFAULT '0.00',
  `date` date NOT NULL,
  `created_at` timestamp NULL DEFAULT NULL,
  `updated_at` timestamp NULL DEFAULT NULL,
  `is_reversed` tinyint(1) NOT NULL DEFAULT '0',
  `reversal_reason` text COLLATE utf8mb4_unicode_ci,
  `reversed_by` bigint unsigned DEFAULT NULL,
  `reverses` bigint unsigned DEFAULT NULL,
  PRIMARY KEY (`id`),
  KEY `fuel_transactions_vehicle_id_foreign` (`vehicle_id`),
  KEY `fuel_transactions_person_id_foreign` (`person_id`),
  KEY `fuel_transactions_user_id_foreign` (`user_id`),
  KEY `fuel_transactions_reversed_by_foreign` (`reversed_by`),
  KEY `fuel_transactions_reverses_foreign` (`reverses`),
  CONSTRAINT `fuel_transactions_person_id_foreign` FOREIGN KEY (`person_id`) REFERENCES `people` (`id`),
  CONSTRAINT `fuel_transactions_reversed_by_foreign` FOREIGN KEY (`reversed_by`) REFERENCES `fuel_transactions` (`id`) ON DELETE SET NULL,
  CONSTRAINT `fuel_transactions_reverses_foreign` FOREIGN KEY (`reverses`) REFERENCES `fuel_transactions` (`id`) ON DELETE SET NULL,
  CONSTRAINT `fuel_transactions_user_id_foreign` FOREIGN KEY (`user_id`) REFERENCES `users` (`id`),
  CONSTRAINT `fuel_transactions_vehicle_id_foreign` FOREIGN KEY (`vehicle_id`) REFERENCES `vehicles` (`id`)
) ENGINE=InnoDB AUTO_INCREMENT=783 DEFAULT CHARSET=utf8mb4 COLLATE=utf8mb4_unicode_ci;
/*!40101 SET character_set_client = @saved_cs_client */;

--
-- Dumping data for table `fuel_transactions`
--

LOCK TABLES `fuel_transactions` WRITE;
/*!40000 ALTER TABLE `fuel_transactions` DISABLE KEYS */;
INSERT INTO `fuel_transactions` VALUES (1,18,18,2,'In',2940.00,'2024-02-21','2024-02-21 13:44:13','2024-04-11 17:21:14',1,'Over calculated',702,NULL),(2,16,11,2,'Out',40.00,'2024-02-21','2024-02-21 13:48:38','2024-02-22 05:27:23',1,'i want to redo so category 1 can be first',8,NULL),(3,5,6,2,'Out',30.00,'2024-02-21','2024-02-21 13:50:27','2024-02-21 13:50:27',0,NULL,NULL,NULL),(4,27,10,2,'Out',20.00,'2024-02-21','2024-02-21 14:13:16','2024-02-21 14:13:16',0,NULL,NULL,NULL),(5,8,9,2,'Out',20.00,'2024-02-21','2024-02-21 14:15:19','2024-02-21 14:15:19',0,NULL,NULL,NULL),(6,7,9,2,'Out',20.00,'2024-02-21','2024-02-21 14:17:49','2024-02-21 14:17:49',0,NULL,NULL,NULL),(7,26,14,2,'Out',60.00,'2024-02-21','2024-02-21 14:20:50','2024-02-22 05:54:09',1,'I want to redo so category 2 can appear above category 3',10,NULL),(8,16,11,2,'Out',40.00,'2024-02-21','2024-02-22 05:27:22','2024-02-22 05:27:22',1,NULL,NULL,2),(9,16,11,1,'Out',40.00,'2024-02-21','2024-02-22 05:52:21','2024-02-22 05:52:21',0,NULL,NULL,NULL),(10,26,14,2,'Out',60.00,'2024-02-21','2024-02-22 05:54:09','2024-02-22 05:54:09',1,NULL,NULL,7),(11,26,14,1,'Out',60.00,'2024-02-21','2024-02-22 05:55:35','2024-02-22 05:55:35',0,NULL,NULL,NULL),(12,27,10,2,'Out',20.00,'2024-02-22','2024-02-22 11:55:14','2024-02-22 11:55:14',0,NULL,NULL,NULL),(13,8,20,2,'Out',20.00,'2024-02-22','2024-02-22 11:57:47','2024-02-22 11:57:47',0,NULL,NULL,NULL),(14,5,21,2,'Out',30.00,'2024-02-22','2024-02-22 12:27:49','2024-02-22 12:27:49',0,NULL,NULL,NULL),(15,28,24,1,'In',350.00,'2024-01-02','2024-02-22 15:01:13','2024-02-22 15:01:13',0,NULL,NULL,NULL),(16,28,24,1,'In',402.00,'2024-02-01','2024-02-22 15:10:48','2024-02-22 15:10:48',0,NULL,NULL,NULL),(17,26,14,2,'Out',40.00,'2024-02-22','2024-02-23 09:35:19','2024-02-23 09:35:19',0,NULL,NULL,NULL),(18,27,10,2,'Out',20.00,'2024-02-23','2024-02-23 09:36:53','2024-02-23 09:36:53',0,NULL,NULL,NULL),(19,7,9,2,'Out',20.00,'2024-02-23','2024-02-23 13:34:03','2024-02-23 13:34:03',0,NULL,NULL,NULL),(20,2,6,2,'Out',20.00,'2024-02-23','2024-02-23 13:35:59','2024-02-23 13:35:59',0,NULL,NULL,NULL),(21,16,11,2,'Out',40.00,'2024-02-23','2024-02-23 13:42:08','2024-02-23 13:42:08',0,NULL,NULL,NULL),(22,4,21,2,'Out',40.00,'2024-02-23','2024-02-23 13:46:50','2024-02-23 13:46:50',0,NULL,NULL,NULL),(23,15,5,2,'Out',70.00,'2024-02-23','2024-02-23 13:48:45','2024-02-23 13:48:45',0,NULL,NULL,NULL),(24,11,22,2,'Out',20.00,'2024-02-23','2024-02-23 13:53:31','2024-02-23 13:53:31',0,NULL,NULL,NULL),(25,22,12,2,'Out',40.00,'2024-02-23','2024-02-23 13:55:06','2024-02-23 13:55:06',0,NULL,NULL,NULL),(26,18,4,2,'Out',400.00,'2024-02-23','2024-02-23 13:55:52','2024-02-23 13:55:52',0,NULL,NULL,NULL),(27,8,20,2,'Out',20.00,'2024-02-23','2024-02-23 13:57:04','2024-02-23 13:57:04',0,NULL,NULL,NULL),(28,26,14,2,'Out',80.00,'2024-02-23','2024-02-23 13:58:44','2024-02-23 13:58:44',0,NULL,NULL,NULL),(29,17,3,2,'Out',80.00,'2024-02-24','2024-02-24 13:10:02','2024-02-24 13:10:02',0,NULL,NULL,NULL),(30,15,5,2,'Out',60.00,'2024-02-24','2024-02-24 13:10:57','2024-02-24 13:10:57',0,NULL,NULL,NULL),(31,11,22,2,'Out',30.00,'2024-02-24','2024-02-24 13:12:20','2024-02-24 13:12:20',0,NULL,NULL,NULL),(32,27,10,2,'Out',30.00,'2024-02-24','2024-02-24 13:14:58','2024-02-24 13:14:58',0,NULL,NULL,NULL),(33,4,21,2,'Out',40.00,'2024-02-24','2024-02-24 13:25:49','2024-02-24 13:25:49',0,NULL,NULL,NULL),(34,8,20,2,'Out',20.00,'2024-02-24','2024-02-24 13:30:10','2024-02-24 13:30:10',0,NULL,NULL,NULL),(35,7,9,2,'Out',35.00,'2024-02-24','2024-02-24 13:31:20','2024-02-24 13:31:20',0,NULL,NULL,NULL),(36,14,1,2,'Out',1.00,'2024-02-24','2024-02-24 13:32:55','2024-02-24 13:32:55',0,NULL,NULL,NULL),(37,26,14,2,'Out',60.00,'2024-02-24','2024-02-24 14:53:18','2024-02-24 14:53:18',0,NULL,NULL,NULL),(38,5,21,2,'Out',40.00,'2024-02-25','2024-02-26 12:55:48','2024-02-26 12:55:48',0,NULL,NULL,NULL),(39,16,11,2,'Out',50.00,'2024-02-25','2024-02-26 12:57:19','2024-02-26 12:57:19',0,NULL,NULL,NULL),(40,15,5,2,'Out',70.00,'2024-02-25','2024-02-26 12:59:28','2024-02-26 12:59:28',0,NULL,NULL,NULL),(41,8,20,2,'Out',20.00,'2024-02-25','2024-02-26 13:00:54','2024-02-26 13:00:54',0,NULL,NULL,NULL),(42,4,22,2,'Out',30.00,'2024-02-25','2024-02-26 13:02:21','2024-02-26 13:02:21',0,NULL,NULL,NULL),(43,17,3,2,'Out',160.00,'2024-02-25','2024-02-26 13:03:49','2024-02-26 13:03:49',0,NULL,NULL,NULL),(44,3,10,2,'Out',20.00,'2024-02-25','2024-02-26 13:05:48','2024-02-26 13:05:48',0,NULL,NULL,NULL),(45,26,14,2,'Out',80.00,'2024-02-25','2024-02-26 13:07:29','2024-02-26 13:07:29',0,NULL,NULL,NULL),(46,5,21,2,'Out',50.00,'2024-02-26','2024-02-26 13:09:55','2024-02-26 13:09:55',0,NULL,NULL,NULL),(47,11,22,2,'Out',20.00,'2024-02-26','2024-02-26 13:11:23','2024-02-26 13:11:23',0,NULL,NULL,NULL),(48,27,10,2,'Out',20.00,'2024-02-26','2024-02-26 13:13:29','2024-02-26 13:13:29',0,NULL,NULL,NULL),(49,22,12,2,'Out',40.00,'2024-02-26','2024-02-26 13:14:37','2024-02-26 13:14:37',0,NULL,NULL,NULL),(50,7,9,2,'Out',20.00,'2024-02-26','2024-02-26 13:17:32','2024-02-26 13:17:32',0,NULL,NULL,NULL),(51,16,11,2,'Out',50.00,'2024-02-26','2024-02-26 13:33:14','2024-02-26 13:33:14',0,NULL,NULL,NULL),(52,15,5,2,'Out',60.00,'2024-02-26','2024-02-26 13:35:38','2024-02-26 13:35:38',0,NULL,NULL,NULL),(53,26,14,2,'Out',60.00,'2024-02-26','2024-02-27 07:30:05','2024-02-27 07:30:05',0,NULL,NULL,NULL),(54,8,21,2,'Out',20.00,'2024-01-05','2024-02-27 08:33:50','2024-02-27 08:33:50',0,NULL,NULL,NULL),(55,7,6,2,'Out',20.00,'2024-01-05','2024-02-27 08:35:01','2024-02-27 08:35:01',0,NULL,NULL,NULL),(56,4,10,2,'Out',20.00,'2024-01-05','2024-02-27 08:36:00','2024-02-27 08:36:00',0,NULL,NULL,NULL),(57,17,3,2,'Out',60.00,'2024-01-05','2024-02-27 08:37:07','2024-02-27 08:37:07',0,NULL,NULL,NULL),(58,16,25,2,'In',420.00,'2024-01-06','2024-02-27 08:39:23','2024-02-27 08:39:23',0,NULL,NULL,NULL),(59,15,5,2,'Out',40.00,'2024-01-06','2024-02-27 08:40:54','2024-02-27 08:40:54',0,NULL,NULL,NULL),(60,16,11,2,'Out',20.00,'2024-01-06','2024-02-27 08:42:07','2024-02-27 08:42:07',0,NULL,NULL,NULL),(61,17,3,2,'Out',60.00,'2024-01-06','2024-02-27 08:43:46','2024-02-27 08:43:46',0,NULL,NULL,NULL),(62,8,9,2,'Out',20.00,'2024-01-06','2024-02-27 08:44:51','2024-02-27 08:44:51',0,NULL,NULL,NULL),(63,3,13,2,'Out',20.00,'2024-01-06','2024-02-27 08:45:48','2024-02-27 08:45:48',0,NULL,NULL,NULL),(64,4,6,2,'Out',30.00,'2024-01-06','2024-02-27 08:46:47','2024-02-27 08:46:47',0,NULL,NULL,NULL),(65,7,10,2,'Out',20.00,'2024-01-06','2024-02-27 08:48:03','2024-02-27 08:48:03',0,NULL,NULL,NULL),(66,15,5,2,'Out',40.00,'2024-01-07','2024-02-27 08:49:25','2024-02-27 08:49:25',0,NULL,NULL,NULL),(67,17,3,2,'Out',60.00,'2024-01-07','2024-02-27 08:50:21','2024-02-27 08:50:21',0,NULL,NULL,NULL),(68,8,9,2,'Out',20.00,'2024-01-07','2024-02-27 08:51:45','2024-02-27 08:51:45',0,NULL,NULL,NULL),(69,3,13,2,'Out',20.00,'2024-01-07','2024-02-27 08:53:13','2024-02-27 08:53:13',0,NULL,NULL,NULL),(70,27,6,2,'Out',10.00,'2024-01-07','2024-02-27 08:55:54','2024-02-27 08:55:54',0,NULL,NULL,NULL),(71,4,6,2,'Out',30.00,'2024-01-07','2024-02-27 08:58:57','2024-02-27 08:58:57',0,NULL,NULL,NULL),(72,16,11,2,'Out',15.00,'2024-01-07','2024-02-27 09:01:38','2024-02-27 09:01:38',0,NULL,NULL,NULL),(73,7,10,2,'Out',20.00,'2024-01-07','2024-02-27 09:03:04','2024-02-27 09:03:04',0,NULL,NULL,NULL),(74,26,14,2,'Out',100.00,'2024-02-27','2024-02-27 09:05:45','2024-02-27 09:05:45',0,NULL,NULL,NULL),(75,16,11,2,'Out',15.00,'2024-01-08','2024-02-27 09:08:48','2024-02-27 09:08:48',0,NULL,NULL,NULL),(76,18,18,2,'In',1050.00,'2024-01-08','2024-02-27 09:23:07','2024-02-27 09:23:07',0,NULL,NULL,NULL),(77,16,11,2,'Out',40.00,'2024-01-08','2024-02-27 09:24:44','2024-02-27 09:24:44',0,NULL,NULL,NULL),(78,26,14,2,'Out',60.00,'2024-01-08','2024-02-27 09:26:03','2024-02-27 09:26:03',0,NULL,NULL,NULL),(79,26,14,2,'Out',60.00,'2024-01-08','2024-02-27 09:26:05','2024-02-27 09:26:05',0,NULL,NULL,NULL),(80,29,7,2,'Out',160.00,'2024-01-08','2024-02-27 09:27:29','2024-02-27 09:27:29',0,NULL,NULL,NULL),(81,5,21,2,'Out',30.00,'2024-01-08','2024-02-27 09:28:27','2024-02-27 09:28:27',0,NULL,NULL,NULL),(82,15,5,2,'Out',40.00,'2024-01-08','2024-02-27 09:29:38','2024-02-27 09:29:38',0,NULL,NULL,NULL),(83,23,23,2,'Out',2.00,'2024-01-08','2024-02-27 09:30:57','2024-02-27 09:30:57',0,NULL,NULL,NULL),(84,8,9,2,'Out',20.00,'2024-01-08','2024-02-27 09:32:07','2024-02-27 09:32:07',0,NULL,NULL,NULL),(85,27,10,2,'Out',20.00,'2024-01-08','2024-02-27 09:34:04','2024-02-27 09:34:04',0,NULL,NULL,NULL),(86,26,14,2,'Out',60.00,'2024-02-27','2024-02-28 14:06:10','2024-02-28 14:06:10',0,NULL,NULL,NULL),(87,3,10,2,'Out',18.00,'2024-02-28','2024-02-28 14:07:07','2024-02-28 14:07:07',0,NULL,NULL,NULL),(88,2,6,2,'Out',20.00,'2024-02-28','2024-02-28 14:07:56','2024-02-28 14:07:56',0,NULL,NULL,NULL),(89,16,11,2,'Out',50.00,'2024-02-28','2024-02-28 14:08:47','2024-02-28 14:08:47',0,NULL,NULL,NULL),(90,17,17,2,'In',4410.00,'2024-02-28','2024-02-28 14:15:03','2024-02-28 14:15:03',0,NULL,NULL,NULL),(91,26,14,2,'Out',60.00,'2024-02-28','2024-02-28 14:34:22','2024-02-28 14:34:22',0,NULL,NULL,NULL),(92,14,12,2,'Out',172.00,'2024-02-29','2024-03-01 13:24:59','2024-03-01 13:24:59',0,NULL,NULL,NULL),(93,2,8,2,'Out',60.00,'2024-02-29','2024-03-01 13:26:26','2024-03-01 13:26:26',0,NULL,NULL,NULL),(94,16,11,2,'Out',40.00,'2024-02-29','2024-03-01 13:27:27','2024-03-01 13:27:27',0,NULL,NULL,NULL),(95,5,21,2,'Out',30.00,'2024-02-29','2024-03-01 13:29:02','2024-03-01 13:29:02',0,NULL,NULL,NULL),(96,23,23,2,'Out',2.00,'2024-02-29','2024-03-01 13:30:55','2024-03-01 13:30:55',0,NULL,NULL,NULL),(97,10,9,2,'Out',30.00,'2024-02-29','2024-03-01 13:32:08','2024-03-01 13:32:08',0,NULL,NULL,NULL),(98,8,20,2,'Out',20.00,'2024-02-29','2024-03-01 13:34:26','2024-03-01 13:34:26',0,NULL,NULL,NULL),(99,5,21,2,'Out',30.00,'2024-03-01','2024-03-01 13:36:22','2024-03-01 13:36:22',0,NULL,NULL,NULL),(100,16,11,2,'Out',40.00,'2024-03-01','2024-03-01 13:37:25','2024-03-01 13:37:25',0,NULL,NULL,NULL),(101,14,12,2,'Out',100.00,'2024-03-01','2024-03-01 13:39:33','2024-03-01 13:39:33',0,NULL,NULL,NULL),(102,17,3,2,'Out',100.00,'2024-03-01','2024-03-01 13:40:39','2024-03-01 13:40:39',0,NULL,NULL,NULL),(103,26,14,2,'Out',140.00,'2024-03-01','2024-03-01 13:41:32','2024-03-01 13:41:32',0,NULL,NULL,NULL),(104,16,11,2,'Out',15.00,'2024-02-09','2024-03-01 13:45:04','2024-03-01 13:45:04',0,NULL,NULL,NULL),(105,16,11,2,'Out',15.00,'2024-01-09','2024-03-01 13:46:27','2024-03-01 13:46:27',0,NULL,NULL,NULL),(106,28,23,2,'Out',210.00,'2024-01-09','2024-03-01 13:49:47','2024-03-01 13:49:47',0,NULL,NULL,NULL),(107,7,10,2,'Out',20.00,'2024-01-09','2024-03-01 13:50:52','2024-03-01 13:50:52',0,NULL,NULL,NULL),(108,8,9,2,'Out',20.00,'2024-01-09','2024-03-01 13:53:28','2024-03-01 13:53:28',0,NULL,NULL,NULL),(109,5,9,2,'Out',20.00,'2024-01-09','2024-03-01 13:55:18','2024-03-01 13:55:18',0,NULL,NULL,NULL),(110,17,3,2,'Out',120.00,'2024-01-09','2024-03-01 13:56:18','2024-03-01 13:56:18',0,NULL,NULL,NULL),(111,7,10,2,'Out',20.00,'2024-01-10','2024-03-01 13:59:12','2024-03-01 13:59:12',0,NULL,NULL,NULL),(112,8,21,2,'Out',20.00,'2024-01-10','2024-03-01 14:00:40','2024-03-01 14:00:40',0,NULL,NULL,NULL),(113,26,14,2,'Out',40.00,'2024-01-10','2024-03-01 14:01:48','2024-03-01 14:01:48',0,NULL,NULL,NULL),(114,22,7,2,'Out',20.00,'2024-01-10','2024-03-01 14:02:59','2024-03-01 14:02:59',0,NULL,NULL,NULL),(115,8,21,2,'Out',20.00,'2024-01-11','2024-03-01 14:04:27','2024-03-01 14:04:27',0,NULL,NULL,NULL),(116,7,10,2,'Out',20.00,'2024-01-11','2024-03-01 14:05:26','2024-03-01 14:05:26',0,NULL,NULL,NULL),(117,16,11,2,'Out',40.00,'2024-01-11','2024-03-01 14:06:22','2024-03-01 14:06:22',0,NULL,NULL,NULL),(118,3,13,2,'Out',20.00,'2024-01-11','2024-03-01 14:08:48','2024-03-01 14:08:48',0,NULL,NULL,NULL),(119,22,7,2,'Out',20.00,'2024-01-11','2024-03-01 14:11:14','2024-03-01 14:11:14',0,NULL,NULL,NULL),(120,12,16,2,'In',630.00,'2024-01-11','2024-03-01 14:13:09','2024-03-01 14:13:09',0,NULL,NULL,NULL),(121,17,17,2,'In',2310.00,'2024-01-13','2024-03-01 14:15:52','2024-03-01 14:15:52',0,NULL,NULL,NULL),(122,16,11,2,'Out',30.00,'2024-01-12','2024-03-01 14:25:25','2024-03-01 14:25:25',0,NULL,NULL,NULL),(123,8,10,2,'Out',20.00,'2024-01-12','2024-03-01 14:26:29','2024-03-01 14:26:29',0,NULL,NULL,NULL),(124,7,21,2,'Out',20.00,'2024-01-12','2024-03-01 14:29:06','2024-03-01 14:29:06',0,NULL,NULL,NULL),(125,26,14,2,'Out',140.00,'2024-01-13','2024-03-01 14:30:31','2024-03-01 14:30:31',0,NULL,NULL,NULL),(126,7,10,2,'Out',20.00,'2024-01-13','2024-03-01 14:35:49','2024-03-01 14:35:49',0,NULL,NULL,NULL),(127,3,13,2,'Out',20.00,'2024-01-13','2024-03-01 14:38:51','2024-03-01 14:38:51',0,NULL,NULL,NULL),(128,15,5,2,'Out',30.00,'2024-01-13','2024-03-01 14:39:50','2024-03-01 14:39:50',0,NULL,NULL,NULL),(129,8,21,2,'Out',20.00,'2024-01-13','2024-03-01 14:40:53','2024-03-01 14:40:53',0,NULL,NULL,NULL),(130,4,6,2,'Out',30.00,'2024-01-13','2024-03-01 14:42:26','2024-03-01 14:42:26',0,NULL,NULL,NULL),(131,17,3,2,'Out',20.00,'2024-01-13','2024-03-01 14:47:05','2024-03-01 14:47:05',0,NULL,NULL,NULL),(132,16,11,2,'Out',20.00,'2024-01-13','2024-03-01 14:48:03','2024-03-01 14:48:03',0,NULL,NULL,NULL),(133,8,9,2,'Out',20.00,'2024-01-14','2024-03-01 14:49:11','2024-03-01 14:49:11',0,NULL,NULL,NULL),(134,7,10,2,'Out',20.00,'2024-01-14','2024-03-01 14:50:08','2024-03-01 14:50:08',0,NULL,NULL,NULL),(135,15,3,2,'Out',10.00,'2024-01-14','2024-03-01 14:57:53','2024-03-01 14:57:53',0,NULL,NULL,NULL),(136,4,6,2,'Out',30.00,'2024-01-14','2024-03-01 14:59:04','2024-03-01 14:59:04',0,NULL,NULL,NULL),(137,17,3,2,'Out',60.00,'2024-01-14','2024-03-01 15:00:00','2024-03-01 15:00:00',0,NULL,NULL,NULL),(138,29,7,2,'Out',210.00,'2024-01-14','2024-03-01 15:04:43','2024-03-01 15:04:43',0,NULL,NULL,NULL),(139,12,1,2,'Out',40.00,'2024-01-14','2024-03-01 15:05:52','2024-03-01 15:05:52',0,NULL,NULL,NULL),(140,27,13,2,'Out',20.00,'2024-01-14','2024-03-01 15:07:04','2024-03-01 15:07:04',0,NULL,NULL,NULL),(141,26,14,2,'Out',80.00,'2024-01-14','2024-03-01 15:08:19','2024-03-01 15:08:19',0,NULL,NULL,NULL),(142,16,11,2,'Out',50.00,'2024-03-02','2024-03-03 06:58:58','2024-03-03 06:58:58',0,NULL,NULL,NULL),(143,5,21,2,'Out',90.00,'2024-03-02','2024-03-03 07:00:01','2024-03-03 07:00:01',0,NULL,NULL,NULL),(144,8,20,2,'Out',20.00,'2024-03-02','2024-03-03 07:01:26','2024-03-03 07:01:26',0,NULL,NULL,NULL),(145,20,23,2,'Out',20.00,'2024-03-02','2024-03-03 07:02:39','2024-03-03 07:02:39',0,NULL,NULL,NULL),(146,5,22,2,'Out',60.00,'2024-03-02','2024-03-03 07:04:55','2024-03-03 07:04:55',0,NULL,NULL,NULL),(147,25,23,2,'Out',80.00,'2024-03-02','2024-03-03 07:07:37','2024-03-03 07:07:37',0,NULL,NULL,NULL),(148,18,4,2,'Out',400.00,'2024-03-02','2024-03-03 07:08:46','2024-03-03 07:08:46',0,NULL,NULL,NULL),(149,16,11,2,'Out',40.00,'2024-03-03','2024-03-03 07:09:34','2024-03-03 07:09:34',0,NULL,NULL,NULL),(150,1,7,2,'Out',40.00,'2024-03-03','2024-03-03 07:13:46','2024-03-03 07:13:46',0,NULL,NULL,NULL),(151,3,13,2,'Out',20.00,'2024-03-03','2024-03-03 07:14:47','2024-03-03 07:14:47',0,NULL,NULL,NULL),(152,7,6,2,'Out',20.00,'2024-03-03','2024-03-03 07:15:40','2024-03-03 07:15:40',0,NULL,NULL,NULL),(153,4,21,2,'Out',30.00,'2024-03-03','2024-03-03 07:30:11','2024-03-03 07:30:11',0,NULL,NULL,NULL),(154,8,10,2,'Out',20.00,'2024-03-03','2024-03-03 07:41:56','2024-03-03 07:41:56',0,NULL,NULL,NULL),(155,15,5,2,'Out',2.00,'2024-03-03','2024-03-03 13:45:16','2024-03-03 13:45:16',0,NULL,NULL,NULL),(156,27,13,2,'Out',20.00,'2024-03-03','2024-03-03 13:46:34','2024-03-03 13:46:34',0,NULL,NULL,NULL),(157,26,14,2,'Out',60.00,'2024-03-03','2024-03-03 13:48:54','2024-03-03 13:48:54',0,NULL,NULL,NULL),(158,16,11,2,'Out',30.00,'2024-03-04','2024-03-06 07:03:12','2024-03-06 07:03:12',0,NULL,NULL,NULL),(159,3,13,2,'Out',20.00,'2024-03-04','2024-03-06 07:04:11','2024-03-06 07:04:11',0,NULL,NULL,NULL),(160,5,7,2,'Out',60.00,'2024-03-04','2024-03-06 07:05:10','2024-03-06 07:05:10',0,NULL,NULL,NULL),(161,15,5,2,'Out',3.00,'2024-03-04','2024-03-06 07:06:16','2024-03-06 07:06:16',0,NULL,NULL,NULL),(162,12,1,2,'Out',160.00,'2024-03-04','2024-03-06 07:28:17','2024-03-06 07:28:17',0,NULL,NULL,NULL),(163,34,28,2,'Out',210.00,'2024-03-03','2024-03-06 07:32:58','2024-03-06 07:32:58',0,NULL,NULL,NULL),(164,34,23,2,'Out',210.00,'2024-03-04','2024-03-06 07:34:46','2024-03-06 07:34:46',0,NULL,NULL,NULL),(165,32,1,2,'Out',200.00,'2024-03-03','2024-03-06 07:36:28','2024-03-06 07:36:28',0,NULL,NULL,NULL),(166,8,10,2,'Out',20.00,'2024-03-04','2024-03-06 07:40:07','2024-03-06 07:40:07',0,NULL,NULL,NULL),(167,8,10,2,'Out',20.00,'2024-03-04','2024-03-06 07:40:09','2024-03-06 07:40:09',0,NULL,NULL,NULL),(168,7,6,2,'Out',15.00,'2024-03-05','2024-03-06 07:45:16','2024-03-06 07:45:16',0,NULL,NULL,NULL),(169,27,13,2,'Out',20.00,'2024-03-05','2024-03-06 07:47:48','2024-03-06 07:47:48',0,NULL,NULL,NULL),(170,4,21,2,'Out',30.00,'2024-03-05','2024-03-06 07:49:16','2024-03-06 07:49:16',0,NULL,NULL,NULL),(171,17,3,2,'Out',80.00,'2024-03-05','2024-03-06 07:50:12','2024-03-06 07:50:12',0,NULL,NULL,NULL),(172,22,23,2,'Out',40.00,'2024-03-05','2024-03-06 07:51:38','2024-03-06 07:51:38',0,NULL,NULL,NULL),(173,34,28,2,'Out',210.00,'2024-03-05','2024-03-06 07:52:54','2024-03-06 07:52:54',0,NULL,NULL,NULL),(174,33,23,2,'Out',210.00,'2024-01-12','2024-03-06 07:56:11','2024-03-06 07:56:11',0,NULL,NULL,NULL),(175,23,23,2,'Out',2.00,'2024-01-13','2024-03-06 07:57:50','2024-03-06 07:57:50',0,NULL,NULL,NULL),(176,32,2,2,'Out',220.00,'2024-01-14','2024-03-06 07:59:19','2024-03-06 07:59:19',0,NULL,NULL,NULL),(177,16,11,2,'Out',30.00,'2024-02-15','2024-03-06 08:00:30','2024-03-06 08:00:30',0,NULL,NULL,NULL),(178,7,10,2,'Out',20.00,'2024-01-15','2024-03-06 08:01:48','2024-03-06 08:01:48',0,NULL,NULL,NULL),(179,4,6,2,'Out',30.00,'2024-01-15','2024-03-06 08:02:47','2024-03-06 08:02:47',0,NULL,NULL,NULL),(180,8,9,2,'Out',20.00,'2024-01-15','2024-03-06 08:03:54','2024-03-06 08:03:54',0,NULL,NULL,NULL),(181,27,9,2,'Out',40.00,'2024-01-15','2024-03-06 08:06:04','2024-03-06 08:06:04',0,NULL,NULL,NULL),(182,3,13,2,'Out',20.00,'2024-01-15','2024-03-06 08:08:02','2024-03-06 08:08:02',0,NULL,NULL,NULL),(183,26,29,2,'Out',100.00,'2024-03-06','2024-03-06 08:21:20','2024-03-06 08:21:20',0,NULL,NULL,NULL),(184,7,6,2,'Out',20.00,'2024-03-06','2024-03-06 09:14:13','2024-03-06 09:14:13',0,NULL,NULL,NULL),(185,32,16,2,'In',2100.00,'2024-03-08','2024-03-08 10:18:46','2024-03-08 10:18:46',0,NULL,NULL,NULL),(186,17,3,2,'Out',80.00,'2024-03-06','2024-03-08 10:35:00','2024-03-08 10:35:00',0,NULL,NULL,NULL),(187,15,5,2,'Out',70.00,'2024-03-06','2024-03-08 10:36:07','2024-03-08 10:36:07',0,NULL,NULL,NULL),(188,3,13,2,'Out',20.00,'2024-03-06','2024-03-08 10:37:20','2024-03-08 10:37:20',0,NULL,NULL,NULL),(189,27,13,2,'Out',20.00,'2024-03-07','2024-03-08 10:39:58','2024-03-08 10:39:58',0,NULL,NULL,NULL),(190,4,21,2,'Out',30.00,'2024-03-07','2024-03-08 10:41:44','2024-03-08 10:41:44',0,NULL,NULL,NULL),(191,1,6,2,'Out',30.00,'2024-03-07','2024-03-08 10:42:46','2024-03-08 10:42:46',0,NULL,NULL,NULL),(192,8,10,2,'Out',20.00,'2024-03-07','2024-03-08 10:43:53','2024-03-08 10:43:53',0,NULL,NULL,NULL),(193,16,11,2,'Out',50.00,'2024-03-07','2024-03-08 10:45:25','2024-03-08 10:45:25',0,NULL,NULL,NULL),(194,17,3,2,'Out',80.00,'2024-03-07','2024-03-08 10:46:42','2024-03-08 10:46:42',0,NULL,NULL,NULL),(195,15,5,2,'Out',70.00,'2024-03-07','2024-03-08 10:47:39','2024-03-08 10:47:39',0,NULL,NULL,NULL),(196,18,4,2,'Out',200.00,'2024-03-07','2024-03-08 10:48:56','2024-03-08 10:48:56',0,NULL,NULL,NULL),(197,34,28,2,'Out',210.00,'2024-03-07','2024-03-08 10:51:15','2024-03-08 10:51:15',0,NULL,NULL,NULL),(198,26,14,2,'Out',80.00,'2024-03-07','2024-03-08 10:53:28','2024-03-08 10:53:28',0,NULL,NULL,NULL),(199,8,10,2,'Out',20.00,'2024-03-08','2024-03-08 10:54:59','2024-03-08 10:54:59',0,NULL,NULL,NULL),(200,4,21,2,'Out',30.00,'2024-03-08','2024-03-08 10:56:38','2024-03-08 10:56:38',0,NULL,NULL,NULL),(201,11,9,2,'Out',10.00,'2024-03-08','2024-03-08 10:57:34','2024-03-08 10:57:34',0,NULL,NULL,NULL),(202,3,10,2,'Out',20.00,'2024-03-08','2024-03-08 10:58:22','2024-03-08 10:58:22',0,NULL,NULL,NULL),(203,16,11,2,'Out',20.00,'2024-01-16','2024-03-08 11:55:03','2024-03-08 11:55:03',0,NULL,NULL,NULL),(204,12,1,2,'Out',40.00,'2024-01-16','2024-03-08 11:57:03','2024-03-08 11:57:03',0,NULL,NULL,NULL),(205,17,3,2,'Out',60.00,'2024-01-16','2024-03-08 11:58:43','2024-03-08 11:58:43',0,NULL,NULL,NULL),(206,8,9,2,'Out',20.00,'2024-01-16','2024-03-08 12:00:58','2024-03-08 12:00:58',0,NULL,NULL,NULL),(207,27,13,2,'Out',20.00,'2024-01-16','2024-03-08 12:02:44','2024-03-08 12:02:44',0,NULL,NULL,NULL),(208,7,13,2,'Out',20.00,'2024-01-16','2024-03-08 12:04:11','2024-03-08 12:04:11',0,NULL,NULL,NULL),(209,34,28,2,'Out',420.00,'2024-01-16','2024-03-08 12:10:32','2024-03-08 12:10:32',0,NULL,NULL,NULL),(210,4,6,2,'Out',30.00,'2024-01-16','2024-03-08 12:12:36','2024-03-08 12:12:36',0,NULL,NULL,NULL),(211,16,11,2,'Out',50.00,'2024-01-17','2024-03-08 12:16:00','2024-03-08 12:16:00',0,NULL,NULL,NULL),(212,22,23,2,'Out',20.00,'2024-01-17','2024-03-08 12:17:42','2024-03-08 12:17:42',0,NULL,NULL,NULL),(213,19,23,2,'Out',20.00,'2024-01-17','2024-03-08 12:21:19','2024-03-08 12:21:19',0,NULL,NULL,NULL),(214,3,13,2,'Out',20.00,'2024-01-18','2024-03-08 12:26:30','2024-03-08 12:26:30',0,NULL,NULL,NULL),(215,27,13,2,'Out',20.00,'2024-01-18','2024-03-08 12:28:37','2024-03-08 12:28:37',0,NULL,NULL,NULL),(216,16,11,2,'Out',50.00,'2024-01-18','2024-03-08 12:30:46','2024-03-08 12:30:46',0,NULL,NULL,NULL),(217,18,4,2,'Out',40.00,'2024-01-18','2024-03-08 12:31:59','2024-03-08 12:31:59',0,NULL,NULL,NULL),(218,26,14,2,'Out',140.00,'2024-01-18','2024-03-08 12:33:34','2024-03-08 12:33:34',0,NULL,NULL,NULL),(219,8,9,2,'Out',20.00,'2024-01-18','2024-03-08 12:36:16','2024-03-08 12:36:16',0,NULL,NULL,NULL),(220,17,3,2,'Out',60.00,'2024-01-18','2024-03-08 12:38:14','2024-03-08 12:38:14',0,NULL,NULL,NULL),(221,19,23,2,'Out',10.00,'2024-01-18','2024-03-08 12:39:28','2024-03-08 12:39:28',0,NULL,NULL,NULL),(222,27,13,2,'Out',20.00,'2024-01-19','2024-03-08 12:42:20','2024-03-08 12:42:20',0,NULL,NULL,NULL),(223,7,10,2,'Out',20.00,'2024-03-08','2024-03-08 12:48:56','2024-03-08 12:48:56',0,NULL,NULL,NULL),(224,16,11,2,'Out',50.00,'2024-01-19','2024-03-08 12:50:08','2024-03-08 12:50:08',0,NULL,NULL,NULL),(225,12,1,2,'Out',40.00,'2024-01-19','2024-03-08 12:51:28','2024-03-08 12:51:28',0,NULL,NULL,NULL),(226,34,7,2,'Out',210.00,'2024-01-19','2024-03-08 12:52:51','2024-03-08 12:52:51',0,NULL,NULL,NULL),(227,8,9,2,'Out',20.00,'2024-01-19','2024-03-08 12:54:02','2024-03-08 12:54:02',0,NULL,NULL,NULL),(228,5,21,2,'Out',40.00,'2024-01-19','2024-03-08 12:55:22','2024-03-08 12:55:22',0,NULL,NULL,NULL),(229,3,13,2,'Out',20.00,'2024-01-19','2024-03-08 12:56:47','2024-03-08 12:56:47',0,NULL,NULL,NULL),(230,8,9,2,'Out',20.00,'2024-01-20','2024-03-08 12:59:52','2024-03-08 12:59:52',0,NULL,NULL,NULL),(231,7,10,2,'Out',12.00,'2024-01-20','2024-03-08 13:01:23','2024-03-08 13:01:23',0,NULL,NULL,NULL),(232,27,13,2,'Out',20.00,'2024-01-20','2024-03-08 13:03:35','2024-03-08 13:03:35',0,NULL,NULL,NULL),(233,18,18,2,'In',2730.00,'2024-01-20','2024-03-08 13:12:06','2024-03-08 13:12:06',0,NULL,NULL,NULL),(234,4,21,2,'Out',30.00,'2024-03-08','2024-03-11 11:58:01','2024-03-11 11:58:01',0,NULL,NULL,NULL),(235,11,9,2,'Out',10.00,'2024-03-08','2024-03-11 11:59:20','2024-03-11 11:59:20',0,NULL,NULL,NULL),(236,3,10,2,'Out',20.00,'2024-03-08','2024-03-11 12:00:22','2024-03-11 12:00:22',0,NULL,NULL,NULL),(237,12,1,2,'Out',80.00,'2024-03-08','2024-03-11 12:02:12','2024-03-11 12:02:12',0,NULL,NULL,NULL),(238,26,14,2,'Out',60.00,'2024-03-08','2024-03-11 12:03:51','2024-03-11 12:03:51',0,NULL,NULL,NULL),(239,15,5,2,'Out',60.00,'2024-03-09','2024-03-11 12:05:02','2024-03-11 12:05:02',0,NULL,NULL,NULL),(240,16,11,2,'Out',40.00,'2024-03-09','2024-03-11 12:05:56','2024-03-11 12:05:56',0,NULL,NULL,NULL),(241,5,22,2,'Out',30.00,'2024-03-09','2024-03-11 12:07:07','2024-03-11 12:07:07',0,NULL,NULL,NULL),(242,7,20,2,'Out',20.00,'2024-03-09','2024-03-11 12:08:11','2024-03-11 12:08:11',0,NULL,NULL,NULL),(243,32,2,2,'Out',150.00,'2024-03-09','2024-03-11 12:09:10','2024-03-11 12:09:10',0,NULL,NULL,NULL),(244,9,10,2,'Out',30.00,'2024-03-10','2024-03-11 12:10:25','2024-03-11 12:10:25',0,NULL,NULL,NULL),(245,34,28,2,'Out',210.00,'2024-03-10','2024-03-11 12:33:28','2024-03-11 12:33:28',0,NULL,NULL,NULL),(246,1,6,2,'Out',20.00,'2024-03-10','2024-03-11 12:34:50','2024-03-11 12:34:50',0,NULL,NULL,NULL),(247,16,11,2,'Out',40.00,'2024-03-10','2024-03-11 12:37:43','2024-03-11 12:37:43',0,NULL,NULL,NULL),(248,26,14,2,'Out',60.00,'2024-03-10','2024-03-11 12:39:43','2024-03-11 12:39:43',0,NULL,NULL,NULL),(249,16,11,2,'Out',50.00,'2024-03-11','2024-03-11 12:41:47','2024-03-11 12:41:47',0,NULL,NULL,NULL),(250,3,13,2,'Out',20.00,'2024-03-11','2024-03-11 12:43:06','2024-03-11 12:43:06',0,NULL,NULL,NULL),(251,9,21,2,'Out',30.00,'2024-03-11','2024-03-11 12:44:14','2024-03-11 12:44:14',0,NULL,NULL,NULL),(252,7,20,2,'Out',20.00,'2024-03-11','2024-03-11 12:45:11','2024-03-11 12:45:11',0,NULL,NULL,NULL),(253,16,11,2,'Out',30.00,'2024-01-21','2024-03-11 12:49:34','2024-03-11 12:49:34',0,NULL,NULL,NULL),(254,33,28,2,'Out',210.00,'2024-01-21','2024-03-11 12:51:32','2024-03-11 12:51:32',0,NULL,NULL,NULL),(255,29,7,2,'Out',210.00,'2024-01-21','2024-03-11 12:53:22','2024-03-11 12:53:22',0,NULL,NULL,NULL),(256,26,14,2,'Out',80.00,'2024-01-21','2024-03-11 12:55:26','2024-03-11 12:55:26',0,NULL,NULL,NULL),(257,17,3,2,'Out',60.00,'2024-01-21','2024-03-11 12:57:21','2024-03-11 12:57:21',0,NULL,NULL,NULL),(258,8,9,2,'Out',20.00,'2024-01-21','2024-03-11 12:58:40','2024-03-11 12:58:40',0,NULL,NULL,NULL),(259,3,10,2,'Out',20.00,'2024-01-21','2024-03-11 12:59:57','2024-03-11 12:59:57',0,NULL,NULL,NULL),(260,5,21,2,'Out',30.00,'2024-01-21','2024-03-11 13:02:39','2024-03-11 13:02:39',0,NULL,NULL,NULL),(261,7,10,2,'Out',20.00,'2024-01-21','2024-03-11 13:04:05','2024-03-11 13:04:05',0,NULL,NULL,NULL),(262,27,13,2,'Out',20.00,'2024-01-21','2024-03-11 13:05:21','2024-03-11 13:05:21',0,NULL,NULL,NULL),(263,12,1,2,'Out',200.00,'2024-01-21','2024-03-11 13:07:28','2024-03-11 13:07:28',0,NULL,NULL,NULL),(264,3,13,2,'Out',20.00,'2024-01-22','2024-03-11 13:11:23','2024-03-11 13:11:23',0,NULL,NULL,NULL),(265,4,6,2,'Out',30.00,'2024-01-22','2024-03-11 13:13:17','2024-03-11 13:13:17',0,NULL,NULL,NULL),(266,17,3,2,'Out',60.00,'2024-01-22','2024-03-11 13:14:17','2024-03-11 13:14:17',0,NULL,NULL,NULL),(267,8,9,2,'Out',20.00,'2024-01-22','2024-03-11 13:16:16','2024-03-11 13:16:16',0,NULL,NULL,NULL),(268,27,13,2,'Out',20.00,'2024-01-22','2024-03-11 13:19:18','2024-03-11 13:19:18',0,NULL,NULL,NULL),(269,3,13,2,'Out',20.00,'2024-03-12','2024-03-19 12:11:47','2024-03-19 12:11:47',0,NULL,NULL,NULL),(270,2,21,2,'Out',40.00,'2024-03-12','2024-03-19 12:12:31','2024-03-19 12:12:31',0,NULL,NULL,NULL),(271,5,7,2,'Out',60.00,'2024-03-12','2024-03-19 12:13:30','2024-03-19 12:13:30',0,NULL,NULL,NULL),(272,10,9,2,'Out',20.00,'2024-03-12','2024-03-19 12:14:27','2024-03-19 12:14:27',0,NULL,NULL,NULL),(273,7,10,2,'Out',20.00,'2024-03-12','2024-03-19 12:16:19','2024-03-19 12:16:19',0,NULL,NULL,NULL),(274,1,6,2,'Out',30.00,'2024-03-12','2024-03-19 12:17:12','2024-03-19 12:17:12',0,NULL,NULL,NULL),(275,16,11,2,'Out',60.00,'2024-03-12','2024-03-19 12:18:11','2024-03-19 12:18:11',0,NULL,NULL,NULL),(276,17,3,2,'Out',180.00,'2024-03-12','2024-03-19 12:19:30','2024-03-19 12:19:30',0,NULL,NULL,NULL),(277,9,22,2,'Out',30.00,'2024-03-12','2024-03-19 12:22:02','2024-03-19 12:22:02',0,NULL,NULL,NULL),(278,16,11,2,'Out',50.00,'2024-03-13','2024-03-19 12:23:58','2024-03-19 12:23:58',0,NULL,NULL,NULL),(279,14,12,2,'Out',100.00,'2024-03-13','2024-03-19 12:25:21','2024-03-19 12:25:21',0,NULL,NULL,NULL),(280,8,10,2,'Out',20.00,'2024-03-13','2024-03-19 12:27:33','2024-03-19 12:27:33',0,NULL,NULL,NULL),(281,26,14,2,'Out',40.00,'2024-03-13','2024-03-19 12:29:40','2024-03-19 12:29:40',0,NULL,NULL,NULL),(282,7,20,2,'Out',20.00,'2024-03-13','2024-03-19 12:31:01','2024-03-19 12:31:01',0,NULL,NULL,NULL),(283,3,13,2,'Out',20.00,'2024-03-13','2024-03-19 12:33:11','2024-03-19 12:33:11',0,NULL,NULL,NULL),(284,16,11,2,'Out',50.00,'2024-03-14','2024-03-19 12:43:22','2024-03-19 12:43:22',0,NULL,NULL,NULL),(285,17,3,2,'Out',80.00,'2024-03-14','2024-03-19 12:44:33','2024-03-19 12:44:33',0,NULL,NULL,NULL),(286,3,13,2,'Out',20.00,'2024-03-14','2024-03-19 12:46:06','2024-03-19 12:46:06',0,NULL,NULL,NULL),(287,5,21,2,'Out',60.00,'2024-03-14','2024-03-19 12:47:19','2024-03-19 12:47:19',0,NULL,NULL,NULL),(288,1,6,2,'Out',30.00,'2024-03-14','2024-03-19 12:48:36','2024-03-19 12:48:36',0,NULL,NULL,NULL),(289,33,23,2,'Out',20.00,'2024-03-14','2024-03-19 12:50:28','2024-03-19 12:50:28',0,NULL,NULL,NULL),(290,8,10,2,'Out',20.00,'2024-03-14','2024-03-19 12:51:33','2024-03-19 12:51:33',0,NULL,NULL,NULL),(291,32,2,2,'Out',200.00,'2024-03-14','2024-03-19 12:54:44','2024-03-19 12:54:44',0,NULL,NULL,NULL),(292,7,20,2,'Out',20.00,'2024-03-14','2024-03-19 12:57:06','2024-03-19 12:57:06',0,NULL,NULL,NULL),(293,26,14,2,'Out',60.00,'2024-03-14','2024-03-19 12:58:44','2024-03-19 12:58:44',0,NULL,NULL,NULL),(294,3,13,2,'Out',20.00,'2024-03-15','2024-03-19 13:00:30','2024-03-19 13:00:30',0,NULL,NULL,NULL),(295,1,6,2,'Out',20.00,'2024-03-15','2024-03-19 13:01:23','2024-03-19 13:01:23',0,NULL,NULL,NULL),(296,22,12,2,'Out',40.00,'2024-03-15','2024-03-19 13:04:00','2024-03-19 13:04:00',0,NULL,NULL,NULL),(297,15,5,2,'Out',50.00,'2024-03-15','2024-03-19 13:05:03','2024-03-19 13:05:03',0,NULL,NULL,NULL),(298,14,12,2,'Out',100.00,'2024-03-15','2024-03-19 13:06:25','2024-03-19 13:06:25',0,NULL,NULL,NULL),(299,8,10,2,'Out',20.00,'2024-03-15','2024-03-19 13:08:14','2024-03-19 13:08:14',0,NULL,NULL,NULL),(300,17,3,2,'Out',80.00,'2024-03-15','2024-03-19 13:09:06','2024-03-19 13:09:06',0,NULL,NULL,NULL),(301,3,13,2,'Out',20.00,'2024-03-15','2024-03-19 13:09:55','2024-03-19 13:09:55',0,NULL,NULL,NULL),(302,4,21,2,'Out',40.00,'2024-03-15','2024-03-19 13:10:52','2024-03-19 13:10:52',0,NULL,NULL,NULL),(303,7,20,2,'Out',20.00,'2024-03-15','2024-03-19 13:12:23','2024-03-19 13:12:23',0,NULL,NULL,NULL),(304,8,10,2,'Out',10.00,'2024-03-15','2024-03-19 13:13:49','2024-03-19 13:13:49',0,NULL,NULL,NULL),(305,2,8,2,'Out',100.00,'2024-03-15','2024-03-19 13:14:49','2024-03-19 13:14:49',0,NULL,NULL,NULL),(306,26,14,2,'Out',80.00,'2024-03-15','2024-03-19 13:16:09','2024-03-19 13:16:09',0,NULL,NULL,NULL),(307,16,11,2,'Out',2.00,'2024-03-15','2024-03-19 13:17:03','2024-03-19 13:17:03',0,NULL,NULL,NULL),(308,12,15,2,'In',2100.00,'2024-03-14','2024-03-19 13:19:11','2024-03-19 13:19:11',0,NULL,NULL,NULL),(309,7,20,2,'Out',20.00,'2024-03-16','2024-03-19 13:21:22','2024-03-19 13:21:22',0,NULL,NULL,NULL),(310,10,6,2,'Out',20.00,'2024-03-16','2024-03-19 13:22:40','2024-03-19 13:22:40',0,NULL,NULL,NULL),(311,8,10,2,'Out',20.00,'2024-03-16','2024-03-19 13:23:53','2024-03-19 13:23:53',0,NULL,NULL,NULL),(312,34,23,2,'Out',210.00,'2024-03-16','2024-03-19 13:25:19','2024-03-19 13:25:19',0,NULL,NULL,NULL),(313,3,13,2,'Out',20.00,'2024-03-16','2024-03-19 13:26:24','2024-03-19 13:26:24',0,NULL,NULL,NULL),(314,18,4,2,'Out',400.00,'2024-03-16','2024-03-19 13:28:28','2024-03-19 13:28:28',0,NULL,NULL,NULL),(315,15,5,2,'Out',50.00,'2024-03-17','2024-03-19 13:30:29','2024-03-19 13:30:29',0,NULL,NULL,NULL),(316,5,21,2,'Out',30.00,'2024-03-17','2024-03-19 13:31:48','2024-03-19 13:31:48',0,NULL,NULL,NULL),(317,8,10,2,'Out',20.00,'2024-03-17','2024-03-19 13:32:34','2024-03-19 13:32:34',0,NULL,NULL,NULL),(318,7,9,2,'Out',30.00,'2024-03-17','2024-03-19 13:33:23','2024-03-19 13:33:23',0,NULL,NULL,NULL),(319,22,12,2,'Out',40.00,'2024-03-18','2024-03-19 13:34:33','2024-03-19 13:34:33',0,NULL,NULL,NULL),(320,5,13,2,'Out',20.00,'2024-03-18','2024-03-19 13:36:40','2024-03-19 13:36:40',0,NULL,NULL,NULL),(321,17,3,2,'Out',120.00,'2024-03-18','2024-03-19 13:37:42','2024-03-19 13:37:42',0,NULL,NULL,NULL),(322,3,9,2,'Out',30.00,'2024-03-18','2024-03-19 13:39:43','2024-03-19 13:39:43',0,NULL,NULL,NULL),(323,8,10,2,'Out',20.00,'2024-03-18','2024-03-19 13:41:05','2024-03-19 13:41:05',0,NULL,NULL,NULL),(324,7,20,2,'Out',20.00,'2024-03-18','2024-03-19 13:42:46','2024-03-19 13:42:46',0,NULL,NULL,NULL),(325,12,15,2,'In',1680.00,'2024-03-18','2024-03-19 13:44:27','2024-03-19 13:44:27',0,NULL,NULL,NULL),(326,15,5,2,'Out',70.00,'2024-03-19','2024-03-19 13:48:44','2024-03-19 13:48:44',0,NULL,NULL,NULL),(327,17,3,2,'Out',130.00,'2024-03-19','2024-03-19 13:52:23','2024-03-19 13:52:23',0,NULL,NULL,NULL),(328,5,21,2,'Out',40.00,'2024-03-19','2024-03-19 13:55:06','2024-03-19 13:55:06',0,NULL,NULL,NULL),(329,8,10,2,'Out',20.00,'2024-03-19','2024-03-19 13:56:36','2024-03-19 13:56:36',0,NULL,NULL,NULL),(330,11,9,2,'Out',20.00,'2024-03-19','2024-03-19 14:00:56','2024-03-19 14:00:56',0,NULL,NULL,NULL),(331,3,13,2,'Out',20.00,'2024-03-19','2024-03-19 14:01:57','2024-03-19 14:01:57',0,NULL,NULL,NULL),(332,7,20,2,'Out',20.00,'2024-03-19','2024-03-19 14:06:14','2024-03-19 14:06:14',0,NULL,NULL,NULL),(333,16,11,2,'Out',10.00,'2024-03-19','2024-03-19 14:09:45','2024-03-19 14:09:45',0,NULL,NULL,NULL),(334,35,1,2,'Out',300.00,'2024-03-19','2024-03-21 08:01:44','2024-03-21 08:01:44',0,NULL,NULL,NULL),(335,11,9,2,'Out',30.00,'2024-03-20','2024-03-21 08:03:00','2024-03-21 08:03:00',0,NULL,NULL,NULL),(336,5,21,2,'Out',30.00,'2024-03-20','2024-03-21 08:04:16','2024-03-21 08:04:16',0,NULL,NULL,NULL),(337,3,13,2,'Out',20.00,'2024-03-20','2024-03-21 08:05:14','2024-03-21 08:05:14',0,NULL,NULL,NULL),(338,17,3,2,'Out',100.00,'2024-03-20','2024-03-21 08:06:11','2024-03-21 08:06:11',0,NULL,NULL,NULL),(339,8,10,2,'Out',20.00,'2024-03-20','2024-03-21 08:07:09','2024-03-21 08:07:09',0,NULL,NULL,NULL),(340,26,14,2,'Out',80.00,'2024-03-20','2024-03-21 08:08:49','2024-03-21 08:08:49',0,NULL,NULL,NULL),(341,26,14,2,'Out',80.00,'2024-03-21','2024-03-21 08:10:39','2024-03-21 08:10:39',0,NULL,NULL,NULL),(342,16,11,2,'Out',50.00,'2024-03-21','2024-03-21 08:11:31','2024-03-21 08:11:31',0,NULL,NULL,NULL),(343,3,13,2,'Out',20.00,'2024-03-21','2024-03-21 08:12:14','2024-03-21 08:12:14',0,NULL,NULL,NULL),(344,11,9,2,'Out',30.00,'2024-03-21','2024-03-21 08:13:15','2024-03-21 08:13:15',0,NULL,NULL,NULL),(345,5,21,2,'Out',40.00,'2024-03-21','2024-03-21 08:18:36','2024-03-21 08:18:36',0,NULL,NULL,NULL),(346,15,5,2,'Out',50.00,'2024-03-21','2024-03-21 08:19:27','2024-03-21 08:19:27',0,NULL,NULL,NULL),(347,17,3,2,'Out',100.00,'2024-03-21','2024-03-21 08:20:23','2024-03-21 08:20:23',0,NULL,NULL,NULL),(348,29,7,2,'Out',210.00,'2024-01-23','2024-03-21 08:38:58','2024-03-21 08:38:58',0,NULL,NULL,NULL),(349,4,6,2,'Out',30.00,'2024-01-23','2024-03-21 08:40:55','2024-03-21 08:40:55',0,NULL,NULL,NULL),(350,17,3,2,'Out',60.00,'2024-01-23','2024-03-21 08:42:27','2024-03-21 08:42:27',0,NULL,NULL,NULL),(351,5,21,2,'Out',30.00,'2024-01-23','2024-03-21 08:43:37','2024-03-21 08:43:37',0,NULL,NULL,NULL),(352,8,9,2,'Out',20.00,'2024-01-23','2024-03-21 08:45:06','2024-03-21 08:45:06',0,NULL,NULL,NULL),(353,27,13,2,'Out',20.00,'2024-01-23','2024-03-21 08:46:30','2024-03-21 08:46:30',0,NULL,NULL,NULL),(354,3,13,2,'Out',20.00,'2024-01-23','2024-03-21 08:47:36','2024-03-21 08:47:36',0,NULL,NULL,NULL),(355,16,11,2,'Out',50.00,'2024-01-23','2024-03-21 08:49:21','2024-03-21 08:49:21',0,NULL,NULL,NULL),(356,7,10,2,'Out',20.00,'2024-03-21','2024-03-21 09:31:38','2024-03-21 09:31:38',0,NULL,NULL,NULL),(357,4,13,2,'Out',20.00,'2024-03-21','2024-03-22 12:25:01','2024-03-22 12:25:01',0,NULL,NULL,NULL),(358,8,20,2,'Out',20.00,'2024-03-21','2024-03-22 12:25:50','2024-03-22 12:25:50',0,NULL,NULL,NULL),(359,16,11,2,'Out',40.00,'2024-03-22','2024-03-22 12:26:58','2024-03-22 12:26:58',0,NULL,NULL,NULL),(360,5,21,2,'Out',40.00,'2024-03-22','2024-03-22 12:27:49','2024-03-22 12:27:49',0,NULL,NULL,NULL),(361,11,6,2,'Out',30.00,'2024-03-22','2024-03-22 12:28:33','2024-03-22 12:28:33',0,NULL,NULL,NULL),(362,3,13,2,'Out',20.00,'2024-03-22','2024-03-22 12:29:21','2024-03-22 12:29:21',0,NULL,NULL,NULL),(363,33,23,2,'Out',210.00,'2024-03-22','2024-03-22 12:30:30','2024-03-22 12:30:30',0,NULL,NULL,NULL),(364,22,12,2,'Out',36.00,'2024-03-22','2024-03-22 12:32:10','2024-03-22 12:32:10',0,NULL,NULL,NULL),(365,7,10,2,'Out',20.00,'2024-03-22','2024-03-22 12:32:49','2024-03-22 12:32:49',0,NULL,NULL,NULL),(366,8,10,2,'Out',20.00,'2024-03-22','2024-03-22 12:33:58','2024-03-22 12:33:58',0,NULL,NULL,NULL),(367,27,13,2,'Out',20.00,'2024-01-24','2024-03-22 12:36:46','2024-03-22 12:36:46',0,NULL,NULL,NULL),(368,4,13,2,'Out',20.00,'2024-01-24','2024-03-22 12:37:30','2024-03-22 12:37:30',0,NULL,NULL,NULL),(369,7,10,2,'Out',20.00,'2024-01-24','2024-03-22 12:39:32','2024-03-22 12:39:32',0,NULL,NULL,NULL),(370,16,11,2,'Out',50.00,'2024-01-24','2024-03-22 12:42:57','2024-03-22 12:42:57',0,NULL,NULL,NULL),(371,26,14,2,'Out',80.00,'2024-01-24','2024-03-22 12:49:07','2024-03-22 12:49:07',0,NULL,NULL,NULL),(372,15,5,2,'Out',40.00,'2024-01-24','2024-03-22 12:50:00','2024-03-22 12:50:00',0,NULL,NULL,NULL),(373,8,9,2,'Out',20.00,'2024-01-24','2024-03-22 12:51:09','2024-03-22 12:51:09',0,NULL,NULL,NULL),(374,17,3,2,'Out',60.00,'2024-01-24','2024-03-22 12:56:38','2024-03-22 12:56:38',0,NULL,NULL,NULL),(375,29,7,2,'Out',210.00,'2024-01-24','2024-03-22 12:57:41','2024-03-22 12:57:41',0,NULL,NULL,NULL),(376,7,10,2,'Out',30.00,'2024-01-25','2024-03-22 13:39:53','2024-03-22 13:39:53',0,NULL,NULL,NULL),(377,27,13,2,'Out',20.00,'2024-01-25','2024-03-22 13:40:55','2024-03-22 13:40:55',0,NULL,NULL,NULL),(378,15,5,2,'Out',20.00,'2024-01-25','2024-03-22 13:42:50','2024-03-22 13:42:50',0,NULL,NULL,NULL),(379,12,15,2,'In',420.00,'2024-01-26','2024-03-22 13:52:08','2024-03-22 13:52:08',0,NULL,NULL,NULL),(380,17,3,2,'Out',200.00,'2024-01-26','2024-03-22 14:03:53','2024-03-22 14:03:53',0,NULL,NULL,NULL),(381,27,13,2,'Out',20.00,'2024-01-26','2024-03-22 14:07:56','2024-03-22 14:07:56',0,NULL,NULL,NULL),(382,15,5,2,'Out',20.00,'2024-01-26','2024-03-22 14:08:41','2024-03-22 14:08:41',0,NULL,NULL,NULL),(383,15,5,2,'Out',30.00,'2024-01-27','2024-03-22 14:09:36','2024-03-22 14:09:36',0,NULL,NULL,NULL),(384,29,7,2,'Out',210.00,'2024-01-27','2024-03-22 14:10:28','2024-03-22 14:10:28',0,NULL,NULL,NULL),(385,5,6,2,'Out',30.00,'2024-01-27','2024-03-22 14:11:26','2024-03-22 14:11:26',0,NULL,NULL,NULL),(386,7,21,2,'Out',20.00,'2024-01-27','2024-03-22 14:16:54','2024-03-22 14:16:54',0,NULL,NULL,NULL),(387,8,9,2,'Out',20.00,'2024-01-27','2024-03-22 14:17:42','2024-03-22 14:17:42',0,NULL,NULL,NULL),(388,27,10,2,'Out',20.00,'2024-01-27','2024-03-22 14:18:35','2024-03-22 14:18:35',0,NULL,NULL,NULL),(389,3,10,2,'Out',20.00,'2024-01-27','2024-03-22 14:19:19','2024-03-22 14:19:19',0,NULL,NULL,NULL),(390,15,5,2,'Out',40.00,'2024-01-28','2024-03-22 14:20:01','2024-03-22 14:20:01',0,NULL,NULL,NULL),(391,27,10,2,'Out',20.00,'2024-01-28','2024-03-22 14:21:17','2024-03-22 14:21:17',0,NULL,NULL,NULL),(392,16,11,2,'Out',40.00,'2024-01-28','2024-03-22 14:22:00','2024-03-22 14:22:00',0,NULL,NULL,NULL),(393,22,23,2,'Out',40.00,'2024-01-28','2024-03-22 14:23:13','2024-03-22 14:23:13',0,NULL,NULL,NULL),(394,26,14,2,'Out',80.00,'2024-01-28','2024-03-22 14:24:10','2024-03-22 14:24:10',0,NULL,NULL,NULL),(395,7,21,2,'Out',20.00,'2024-01-28','2024-03-22 14:25:18','2024-03-22 14:25:18',0,NULL,NULL,NULL),(396,8,9,2,'Out',20.00,'2024-01-28','2024-03-22 14:25:57','2024-03-22 14:25:57',0,NULL,NULL,NULL),(397,18,18,2,'In',420.00,'2024-01-29','2024-03-22 14:27:18','2024-03-22 14:27:18',0,NULL,NULL,NULL),(398,7,10,2,'Out',20.00,'2024-03-22','2024-03-23 13:53:29','2024-03-23 13:53:29',0,NULL,NULL,NULL),(399,26,14,2,'Out',80.00,'2024-03-22','2024-03-23 13:54:46','2024-03-23 13:54:46',0,NULL,NULL,NULL),(400,1,9,2,'Out',30.00,'2024-03-23','2024-03-23 13:55:50','2024-03-23 13:55:50',0,NULL,NULL,NULL),(401,11,21,2,'Out',30.00,'2024-03-23','2024-03-23 13:56:38','2024-03-23 13:56:38',0,NULL,NULL,NULL),(402,3,13,2,'Out',30.00,'2024-03-23','2024-03-23 13:57:30','2024-03-23 13:57:30',0,NULL,NULL,NULL),(403,16,11,2,'Out',50.00,'2024-03-23','2024-03-23 13:58:13','2024-03-23 13:58:13',0,NULL,NULL,NULL),(404,26,14,2,'Out',80.00,'2024-03-23','2024-03-23 13:59:02','2024-03-23 13:59:02',0,NULL,NULL,NULL),(405,16,11,2,'Out',40.00,'2024-01-29','2024-03-23 14:02:38','2024-03-23 14:02:38',0,NULL,NULL,NULL),(406,15,5,2,'Out',40.00,'2024-01-29','2024-03-23 14:06:45','2024-03-23 14:06:45',0,NULL,NULL,NULL),(407,27,10,2,'Out',20.00,'2024-01-29','2024-03-23 14:07:54','2024-03-23 14:07:54',0,NULL,NULL,NULL),(408,8,9,2,'Out',20.00,'2024-01-29','2024-03-23 14:09:20','2024-03-23 14:09:20',0,NULL,NULL,NULL),(409,9,6,2,'Out',30.00,'2024-01-29','2024-03-23 14:10:25','2024-03-23 14:10:25',0,NULL,NULL,NULL),(410,17,3,2,'Out',80.00,'2024-01-29','2024-03-23 14:11:21','2024-03-23 14:11:21',0,NULL,NULL,NULL),(411,7,21,2,'Out',20.00,'2024-01-29','2024-03-23 14:12:46','2024-03-23 14:12:46',0,NULL,NULL,NULL),(412,26,14,2,'Out',40.00,'2024-01-29','2024-03-23 14:18:25','2024-03-23 14:18:25',0,NULL,NULL,NULL),(413,10,10,2,'Out',30.00,'2024-03-24','2024-03-24 07:29:27','2024-03-24 07:29:27',0,NULL,NULL,NULL),(414,27,21,2,'Out',30.00,'2024-03-24','2024-03-24 07:30:59','2024-03-24 07:30:59',0,NULL,NULL,NULL),(415,1,9,2,'Out',40.00,'2024-03-24','2024-03-24 07:34:09','2024-03-24 07:34:09',0,NULL,NULL,NULL),(416,33,28,2,'Out',210.00,'2024-03-24','2024-03-24 07:35:14','2024-03-24 07:35:14',0,NULL,NULL,NULL),(417,3,27,2,'In',420.00,'2024-03-23','2024-03-24 07:39:10','2024-03-24 07:39:10',0,NULL,NULL,NULL),(418,15,5,2,'Out',40.00,'2024-01-30','2024-03-24 07:44:18','2024-03-24 07:44:18',0,NULL,NULL,NULL),(419,16,11,2,'Out',50.00,'2024-01-30','2024-03-24 07:45:53','2024-03-24 07:45:53',0,NULL,NULL,NULL),(420,27,10,2,'Out',20.00,'2024-01-30','2024-03-24 07:47:14','2024-03-24 07:47:14',0,NULL,NULL,NULL),(421,8,21,2,'Out',20.00,'2024-01-30','2024-03-24 07:48:33','2024-03-24 07:48:33',0,NULL,NULL,NULL),(422,29,7,2,'Out',60.00,'2024-01-30','2024-03-24 07:50:02','2024-03-24 07:50:02',0,NULL,NULL,NULL),(423,5,8,2,'Out',20.00,'2024-01-30','2024-03-24 07:53:20','2024-03-24 07:53:20',0,NULL,NULL,NULL),(424,7,13,2,'Out',15.00,'2024-01-30','2024-03-24 07:54:20','2024-03-24 07:54:20',0,NULL,NULL,NULL),(425,8,9,2,'Out',10.00,'2024-01-30','2024-03-24 07:56:10','2024-03-24 07:56:10',0,NULL,NULL,NULL),(426,15,5,2,'Out',20.00,'2024-01-30','2024-03-24 07:56:57','2024-03-24 07:56:57',0,NULL,NULL,NULL),(427,8,26,2,'In',210.00,'2024-01-30','2024-03-24 07:58:23','2024-03-24 07:58:23',0,NULL,NULL,NULL),(428,8,26,2,'In',210.00,'2024-01-31','2024-03-24 07:59:30','2024-03-24 07:59:30',0,NULL,NULL,NULL),(429,16,11,2,'Out',50.00,'2024-01-31','2024-03-24 08:01:52','2024-03-24 08:01:52',0,NULL,NULL,NULL),(430,17,3,2,'Out',60.00,'2024-01-31','2024-03-24 08:02:59','2024-03-24 08:02:59',0,NULL,NULL,NULL),(431,27,10,2,'Out',20.00,'2024-01-31','2024-03-24 08:05:20','2024-03-24 08:05:20',0,NULL,NULL,NULL),(432,15,5,2,'Out',40.00,'2024-01-31','2024-03-24 08:08:52','2024-03-24 08:08:52',0,NULL,NULL,NULL),(433,5,6,2,'Out',20.00,'2024-01-31','2024-03-24 08:09:49','2024-03-24 08:09:49',0,NULL,NULL,NULL),(434,32,16,2,'In',2100.00,'2024-02-01','2024-03-24 08:15:48','2024-03-24 08:15:48',0,NULL,NULL,NULL),(435,15,5,2,'Out',40.00,'2024-02-01','2024-03-24 08:18:07','2024-03-24 08:18:07',0,NULL,NULL,NULL),(436,16,11,2,'Out',40.00,'2024-02-01','2024-03-24 08:19:50','2024-03-24 08:19:50',0,NULL,NULL,NULL),(437,29,7,2,'Out',210.00,'2024-02-01','2024-03-24 08:21:04','2024-03-24 08:21:04',0,NULL,NULL,NULL),(438,26,14,2,'Out',60.00,'2024-02-01','2024-03-24 08:22:27','2024-03-24 08:22:27',0,NULL,NULL,NULL),(439,12,1,2,'Out',200.00,'2024-02-01','2024-03-24 08:23:34','2024-03-24 08:23:34',0,NULL,NULL,NULL),(440,7,21,2,'Out',20.00,'2024-02-02','2024-03-24 08:40:48','2024-03-24 08:40:48',0,NULL,NULL,NULL),(441,8,9,2,'Out',20.00,'2024-02-02','2024-03-24 08:41:37','2024-03-24 08:41:37',0,NULL,NULL,NULL),(442,16,11,2,'Out',40.00,'2024-02-02','2024-03-24 08:42:50','2024-03-24 08:42:50',0,NULL,NULL,NULL),(443,34,28,2,'Out',210.00,'2024-02-02','2024-03-24 08:44:48','2024-03-24 08:44:48',0,NULL,NULL,NULL),(444,27,10,2,'Out',20.00,'2024-02-02','2024-03-24 08:45:55','2024-03-24 08:45:55',0,NULL,NULL,NULL),(445,4,6,2,'Out',30.00,'2024-02-02','2024-03-24 08:46:48','2024-03-24 08:46:48',0,NULL,NULL,NULL),(446,17,3,2,'Out',60.00,'2024-02-02','2024-03-24 08:47:41','2024-03-24 08:47:41',0,NULL,NULL,NULL),(447,3,13,2,'Out',18.00,'2024-02-02','2024-03-24 08:48:41','2024-03-24 08:48:41',0,NULL,NULL,NULL),(448,15,5,2,'Out',50.00,'2024-02-03','2024-03-24 08:49:56','2024-03-24 08:49:56',0,NULL,NULL,NULL),(449,16,11,2,'Out',40.00,'2024-02-03','2024-03-24 08:50:50','2024-03-24 08:50:50',0,NULL,NULL,NULL),(450,17,3,2,'Out',120.00,'2024-02-03','2024-03-24 08:52:22','2024-03-24 08:52:22',0,NULL,NULL,NULL),(451,8,9,2,'Out',20.00,'2024-02-03','2024-03-24 08:54:16','2024-03-24 08:54:16',0,NULL,NULL,NULL),(452,7,21,2,'Out',20.00,'2024-02-03','2024-03-24 08:55:03','2024-03-24 08:55:03',0,NULL,NULL,NULL),(453,27,10,2,'Out',20.00,'2024-02-03','2024-03-24 08:55:57','2024-03-24 08:55:57',0,NULL,NULL,NULL),(454,26,14,2,'Out',120.00,'2024-02-03','2024-03-24 08:57:04','2024-03-24 08:57:04',0,NULL,NULL,NULL),(455,23,23,2,'Out',2.00,'2024-02-03','2024-03-24 08:57:59','2024-03-24 08:57:59',0,NULL,NULL,NULL),(456,4,6,2,'Out',30.00,'2024-02-03','2024-03-24 08:58:56','2024-03-24 08:58:56',0,NULL,NULL,NULL),(457,17,3,2,'Out',200.00,'2024-02-03','2024-03-24 08:59:48','2024-03-24 08:59:48',0,NULL,NULL,NULL),(458,15,5,2,'Out',40.00,'2024-02-04','2024-03-24 09:00:44','2024-03-24 09:00:44',0,NULL,NULL,NULL),(459,16,11,2,'Out',40.00,'2024-02-04','2024-03-24 09:01:47','2024-03-24 09:01:47',0,NULL,NULL,NULL),(460,8,9,2,'Out',20.00,'2024-02-04','2024-03-24 09:02:45','2024-03-24 09:02:45',0,NULL,NULL,NULL),(461,7,21,2,'Out',20.00,'2024-02-04','2024-03-24 09:03:35','2024-03-24 09:03:35',0,NULL,NULL,NULL),(462,27,10,2,'Out',20.00,'2024-02-04','2024-03-24 09:04:43','2024-03-24 09:04:43',0,NULL,NULL,NULL),(463,17,3,2,'Out',60.00,'2024-02-05','2024-03-24 09:05:39','2024-03-24 09:05:39',0,NULL,NULL,NULL),(464,27,10,2,'Out',20.00,'2024-02-05','2024-03-24 09:06:33','2024-03-24 09:06:33',0,NULL,NULL,NULL),(465,29,7,2,'Out',210.00,'2024-02-05','2024-03-24 09:07:59','2024-03-24 09:07:59',0,NULL,NULL,NULL),(466,16,11,2,'Out',40.00,'2024-02-05','2024-03-24 09:09:09','2024-03-24 09:09:09',0,NULL,NULL,NULL),(467,8,9,2,'Out',20.00,'2024-02-05','2024-03-24 09:10:00','2024-03-24 09:10:00',0,NULL,NULL,NULL),(468,4,6,2,'Out',30.00,'2024-02-05','2024-03-24 09:12:01','2024-03-24 09:12:01',0,NULL,NULL,NULL),(469,15,5,2,'Out',20.00,'2024-02-05','2024-03-24 09:13:18','2024-03-24 09:13:18',0,NULL,NULL,NULL),(470,7,21,2,'Out',20.00,'2024-02-05','2024-03-24 09:15:29','2024-03-24 09:15:29',0,NULL,NULL,NULL),(471,20,23,2,'Out',20.00,'2024-02-05','2024-03-24 09:17:19','2024-03-24 09:17:19',0,NULL,NULL,NULL),(472,12,1,2,'Out',200.00,'2024-02-05','2024-03-24 09:18:20','2024-03-24 09:18:20',0,NULL,NULL,NULL),(473,17,3,2,'Out',170.00,'2024-02-06','2024-03-24 09:20:31','2024-03-24 09:20:31',0,NULL,NULL,NULL),(474,3,10,2,'Out',20.00,'2024-02-06','2024-03-24 09:21:34','2024-03-24 09:21:34',0,NULL,NULL,NULL),(475,8,9,2,'Out',20.00,'2024-02-06','2024-03-24 09:22:27','2024-03-24 09:22:27',0,NULL,NULL,NULL),(476,16,11,2,'Out',50.00,'2024-02-06','2024-03-24 09:23:11','2024-03-24 09:23:11',0,NULL,NULL,NULL),(477,4,6,2,'Out',30.00,'2024-02-06','2024-03-24 09:23:57','2024-03-24 09:23:57',0,NULL,NULL,NULL),(478,27,10,2,'Out',20.00,'2024-02-06','2024-03-24 09:24:46','2024-03-24 09:24:46',0,NULL,NULL,NULL),(479,7,21,2,'Out',20.00,'2024-02-06','2024-03-24 09:25:29','2024-03-24 09:25:29',0,NULL,NULL,NULL),(480,26,14,2,'Out',60.00,'2024-02-06','2024-03-24 09:26:19','2024-03-24 09:26:19',0,NULL,NULL,NULL),(481,15,5,2,'Out',40.00,'2024-02-06','2024-03-24 09:26:57','2024-03-24 09:26:57',0,NULL,NULL,NULL),(482,18,18,2,'In',630.00,'2024-02-02','2024-03-24 09:29:02','2024-03-24 09:29:02',0,NULL,NULL,NULL),(483,32,16,2,'In',1260.00,'2024-02-05','2024-03-24 09:31:01','2024-03-24 09:31:01',0,NULL,NULL,NULL),(484,17,17,2,'In',3570.00,'2024-03-25','2024-03-25 07:11:15','2024-03-25 07:11:15',0,NULL,NULL,NULL),(485,14,12,2,'Out',100.00,'2024-03-25','2024-03-25 07:12:31','2024-03-25 07:12:31',0,NULL,NULL,NULL),(486,5,7,2,'Out',60.00,'2024-03-25','2024-03-25 07:13:48','2024-03-25 07:13:48',0,NULL,NULL,NULL),(487,16,11,2,'Out',40.00,'2024-03-25','2024-03-25 07:14:48','2024-03-25 07:14:48',0,NULL,NULL,NULL),(488,3,13,2,'Out',30.00,'2024-03-25','2024-03-25 07:15:37','2024-03-25 07:15:37',0,NULL,NULL,NULL),(489,7,10,2,'Out',20.00,'2024-03-25','2024-03-25 07:16:49','2024-03-25 07:16:49',0,NULL,NULL,NULL),(490,11,9,2,'Out',40.00,'2024-03-25','2024-03-25 07:18:44','2024-03-25 07:18:44',0,NULL,NULL,NULL),(491,1,6,2,'Out',30.00,'2024-03-25','2024-03-25 07:20:11','2024-03-25 07:20:11',0,NULL,NULL,NULL),(492,18,4,2,'Out',630.00,'2024-03-25','2024-03-25 07:21:05','2024-03-25 07:21:05',0,NULL,NULL,NULL),(493,16,11,2,'Out',40.00,'2024-03-25','2024-03-25 07:35:58','2024-03-25 07:36:54',1,'mistake',494,NULL),(494,16,11,2,'Out',40.00,'2024-03-25','2024-03-25 07:36:54','2024-03-25 07:36:54',1,NULL,NULL,493),(495,16,11,2,'Out',40.00,'2024-02-07','2024-03-25 07:38:24','2024-03-25 07:38:24',0,NULL,NULL,NULL),(496,14,7,2,'Out',20.00,'2024-02-07','2024-03-25 07:39:55','2024-03-25 07:39:55',0,NULL,NULL,NULL),(497,17,3,2,'Out',60.00,'2024-02-07','2024-03-25 07:42:29','2024-03-25 07:42:29',0,NULL,NULL,NULL),(498,4,6,2,'Out',30.00,'2024-02-07','2024-03-25 07:43:34','2024-03-25 07:43:34',0,NULL,NULL,NULL),(499,10,23,2,'Out',10.00,'2024-02-07','2024-03-25 07:45:19','2024-03-25 07:45:19',0,NULL,NULL,NULL),(500,27,10,2,'Out',20.00,'2024-02-07','2024-03-25 07:48:34','2024-03-25 07:48:34',0,NULL,NULL,NULL),(501,8,9,2,'Out',20.00,'2024-02-07','2024-03-25 07:50:53','2024-03-25 07:50:53',0,NULL,NULL,NULL),(502,15,5,2,'Out',50.00,'2024-02-07','2024-03-25 07:52:18','2024-03-25 07:52:18',0,NULL,NULL,NULL),(503,29,7,2,'Out',80.00,'2024-02-07','2024-03-25 07:53:14','2024-03-25 07:53:14',0,NULL,NULL,NULL),(504,7,21,2,'Out',20.00,'2024-02-07','2024-03-25 07:54:26','2024-03-25 07:54:26',0,NULL,NULL,NULL),(505,15,5,2,'Out',20.00,'2024-03-25','2024-03-25 12:28:10','2024-03-25 12:28:10',0,NULL,NULL,NULL),(506,9,21,2,'Out',40.00,'2024-03-25','2024-03-25 12:29:07','2024-03-25 12:29:07',0,NULL,NULL,NULL),(507,32,2,2,'Out',140.00,'2024-03-25','2024-03-25 12:30:24','2024-03-25 12:30:24',0,NULL,NULL,NULL),(508,9,21,2,'Out',20.00,'2024-02-07','2024-03-25 12:32:05','2024-03-25 12:32:05',0,NULL,NULL,NULL),(509,16,11,2,'Out',40.00,'2024-03-26','2024-03-26 13:37:33','2024-03-26 13:37:33',0,NULL,NULL,NULL),(510,9,21,2,'Out',30.00,'2024-03-26','2024-03-26 13:38:24','2024-03-26 13:38:24',0,NULL,NULL,NULL),(511,7,10,2,'Out',20.00,'2024-03-26','2024-03-26 13:39:10','2024-03-26 13:39:10',0,NULL,NULL,NULL),(512,1,6,2,'Out',20.00,'2024-03-26','2024-03-26 13:39:57','2024-03-26 13:39:57',0,NULL,NULL,NULL),(513,3,13,2,'Out',20.00,'2024-03-26','2024-03-26 13:40:42','2024-03-26 13:40:42',0,NULL,NULL,NULL),(514,11,9,2,'Out',40.00,'2024-03-26','2024-03-26 13:41:38','2024-03-26 13:41:38',0,NULL,NULL,NULL),(515,15,5,2,'Out',80.00,'2024-03-26','2024-03-26 13:42:19','2024-03-26 13:42:19',0,NULL,NULL,NULL),(516,17,3,2,'Out',20.00,'2024-03-26','2024-03-26 13:42:51','2024-03-26 13:42:51',0,NULL,NULL,NULL),(517,23,23,2,'Out',3.00,'2024-03-26','2024-03-26 13:43:31','2024-03-26 13:43:31',0,NULL,NULL,NULL),(518,1,6,2,'Out',30.00,'2024-03-27','2024-03-30 06:20:52','2024-03-30 06:20:52',0,NULL,NULL,NULL),(519,3,13,2,'Out',30.00,'2024-03-27','2024-03-30 06:21:35','2024-03-30 06:21:35',0,NULL,NULL,NULL),(520,15,5,2,'Out',50.00,'2024-03-27','2024-03-30 06:22:32','2024-03-30 06:22:32',0,NULL,NULL,NULL),(521,7,10,2,'Out',30.00,'2024-03-27','2024-03-30 06:23:18','2024-03-30 06:23:18',0,NULL,NULL,NULL),(522,5,7,2,'Out',40.00,'2024-03-27','2024-03-30 06:24:05','2024-03-30 06:24:05',0,NULL,NULL,NULL),(523,26,14,2,'Out',40.00,'2024-03-27','2024-03-30 06:25:12','2024-03-30 06:25:12',0,NULL,NULL,NULL),(524,22,12,2,'Out',40.00,'2024-03-28','2024-03-30 06:26:17','2024-03-30 06:26:17',0,NULL,NULL,NULL),(525,16,11,2,'Out',50.00,'2024-03-28','2024-03-30 06:26:59','2024-03-30 06:26:59',0,NULL,NULL,NULL),(526,3,13,2,'Out',20.00,'2024-03-28','2024-03-30 06:27:46','2024-03-30 06:27:46',0,NULL,NULL,NULL),(527,4,7,2,'Out',20.00,'2024-03-28','2024-03-30 06:37:42','2024-03-30 06:37:42',0,NULL,NULL,NULL),(528,15,5,2,'Out',70.00,'2024-03-28','2024-03-30 06:38:22','2024-03-30 06:38:22',0,NULL,NULL,NULL),(529,20,5,2,'Out',40.00,'2024-03-28','2024-03-30 06:39:43','2024-03-30 06:39:43',0,NULL,NULL,NULL),(530,10,21,2,'Out',50.00,'2024-03-30','2024-03-30 06:40:48','2024-03-30 06:40:48',0,NULL,NULL,NULL),(531,7,10,2,'Out',20.00,'2024-03-29','2024-03-30 06:42:04','2024-03-30 06:42:04',0,NULL,NULL,NULL),(532,3,13,2,'Out',20.00,'2024-03-29','2024-03-30 06:42:55','2024-03-30 06:42:55',0,NULL,NULL,NULL),(533,23,23,2,'Out',2.00,'2024-03-29','2024-03-30 06:43:53','2024-03-30 06:43:53',0,NULL,NULL,NULL),(534,3,13,2,'Out',20.00,'2024-03-30','2024-03-30 06:44:37','2024-03-30 06:44:37',0,NULL,NULL,NULL),(535,10,13,2,'Out',20.00,'2024-03-30','2024-03-30 06:45:28','2024-03-30 06:45:28',0,NULL,NULL,NULL),(536,9,21,2,'Out',20.00,'2024-03-07','2024-03-30 07:10:46','2024-03-30 07:10:46',0,NULL,NULL,NULL),(537,16,11,2,'Out',40.00,'2024-02-08','2024-03-30 07:11:53','2024-03-30 07:11:53',0,NULL,NULL,NULL),(538,26,14,2,'Out',60.00,'2024-02-08','2024-03-30 07:13:28','2024-03-30 07:13:28',0,NULL,NULL,NULL),(539,29,7,2,'Out',160.00,'2024-02-08','2024-03-30 07:15:27','2024-03-30 07:15:27',0,NULL,NULL,NULL),(540,5,21,2,'Out',30.00,'2024-02-08','2024-03-30 07:17:54','2024-03-30 07:17:54',0,NULL,NULL,NULL),(541,23,23,2,'Out',2.00,'2024-02-08','2024-03-30 07:18:40','2024-03-30 07:18:40',0,NULL,NULL,NULL),(542,15,5,2,'Out',40.00,'2024-02-08','2024-03-30 07:19:25','2024-03-30 07:19:25',0,NULL,NULL,NULL),(543,8,9,2,'Out',20.00,'2024-02-08','2024-03-30 07:20:13','2024-03-30 07:20:13',0,NULL,NULL,NULL),(544,27,10,2,'Out',20.00,'2024-02-08','2024-03-30 07:21:09','2024-03-30 07:21:09',0,NULL,NULL,NULL),(545,17,3,2,'Out',80.00,'2024-02-09','2024-03-30 07:34:04','2024-03-30 07:34:04',0,NULL,NULL,NULL),(546,16,11,2,'Out',50.00,'2024-02-09','2024-03-30 07:38:14','2024-03-30 07:38:14',0,NULL,NULL,NULL),(547,15,5,2,'Out',40.00,'2024-02-09','2024-03-30 07:39:58','2024-03-30 07:39:58',0,NULL,NULL,NULL),(548,7,9,2,'Out',20.00,'2024-02-09','2024-03-30 07:45:36','2024-03-30 07:45:36',0,NULL,NULL,NULL),(549,4,6,2,'Out',30.00,'2024-02-09','2024-03-30 07:49:32','2024-03-30 07:49:32',0,NULL,NULL,NULL),(550,27,10,2,'Out',20.00,'2024-02-09','2024-03-30 07:54:56','2024-03-30 07:54:56',0,NULL,NULL,NULL),(551,26,14,2,'Out',100.00,'2024-02-09','2024-03-30 07:59:11','2024-03-30 07:59:11',0,NULL,NULL,NULL),(552,3,10,2,'Out',20.00,'2024-02-09','2024-03-30 08:00:58','2024-03-30 08:00:58',0,NULL,NULL,NULL),(553,15,5,2,'Out',20.00,'2024-02-09','2024-03-30 08:05:15','2024-03-30 08:05:15',0,NULL,NULL,NULL),(554,16,11,2,'Out',50.00,'2024-02-10','2024-03-30 08:10:36','2024-03-30 08:10:36',0,NULL,NULL,NULL),(555,15,5,2,'Out',40.00,'2024-02-10','2024-03-30 08:11:27','2024-03-30 08:11:27',0,NULL,NULL,NULL),(556,7,9,2,'Out',20.00,'2024-02-10','2024-03-30 08:13:13','2024-03-30 08:13:13',0,NULL,NULL,NULL),(557,27,10,2,'Out',20.00,'2024-02-10','2024-03-30 08:14:05','2024-03-30 08:14:05',0,NULL,NULL,NULL),(558,22,23,2,'Out',20.00,'2024-02-10','2024-03-30 08:19:05','2024-03-30 08:19:05',0,NULL,NULL,NULL),(559,7,9,2,'Out',15.00,'2024-02-10','2024-03-30 08:20:18','2024-03-30 08:20:18',0,NULL,NULL,NULL),(560,5,21,2,'Out',30.00,'2024-02-11','2024-03-30 08:22:07','2024-03-30 08:22:07',0,NULL,NULL,NULL),(561,17,3,2,'Out',60.00,'2024-02-11','2024-03-30 08:22:54','2024-03-30 08:22:54',0,NULL,NULL,NULL),(562,16,11,2,'Out',40.00,'2024-02-11','2024-03-30 08:24:01','2024-03-30 08:24:01',0,NULL,NULL,NULL),(563,29,7,2,'Out',210.00,'2024-02-11','2024-03-30 08:27:58','2024-03-30 08:27:58',0,NULL,NULL,NULL),(564,27,10,2,'Out',20.00,'2024-02-11','2024-03-30 08:29:08','2024-03-30 08:29:08',0,NULL,NULL,NULL),(565,14,7,2,'Out',40.00,'2024-02-11','2024-03-30 08:30:23','2024-03-30 08:30:23',0,NULL,NULL,NULL),(566,18,4,2,'Out',420.00,'2024-02-11','2024-03-30 08:33:20','2024-03-30 08:33:20',0,NULL,NULL,NULL),(567,26,14,2,'Out',75.00,'2024-02-11','2024-03-30 08:41:55','2024-03-30 08:41:55',0,NULL,NULL,NULL),(568,7,26,2,'In',210.00,'2024-02-09','2024-03-30 08:43:22','2024-03-30 08:43:22',0,NULL,NULL,NULL),(569,8,26,2,'In',210.00,'2024-02-10','2024-03-30 08:44:14','2024-03-30 08:44:14',0,NULL,NULL,NULL),(570,32,16,2,'In',2940.00,'2024-02-11','2024-03-30 08:46:52','2024-03-30 08:46:52',0,NULL,NULL,NULL),(571,5,21,2,'Out',30.00,'2024-02-12','2024-03-30 09:03:09','2024-03-30 09:03:09',0,NULL,NULL,NULL),(572,16,11,2,'Out',50.00,'2024-02-12','2024-03-30 09:03:58','2024-03-30 09:03:58',0,NULL,NULL,NULL),(573,27,13,2,'Out',20.00,'2024-02-12','2024-03-30 09:28:39','2024-03-30 09:28:39',0,NULL,NULL,NULL),(574,26,14,2,'Out',60.00,'2024-02-12','2024-03-30 09:29:29','2024-03-30 09:29:29',0,NULL,NULL,NULL),(575,15,5,2,'Out',60.00,'2024-02-12','2024-03-30 09:30:33','2024-03-30 09:30:33',0,NULL,NULL,NULL),(576,7,9,2,'Out',20.00,'2024-02-12','2024-03-30 09:31:21','2024-03-30 09:31:21',0,NULL,NULL,NULL),(577,17,3,2,'Out',80.00,'2024-02-12','2024-03-30 09:32:56','2024-03-30 09:32:56',0,NULL,NULL,NULL),(578,3,10,2,'Out',20.00,'2024-02-12','2024-03-30 09:33:56','2024-03-30 09:33:56',0,NULL,NULL,NULL),(579,22,23,2,'Out',57.00,'2024-02-12','2024-03-30 09:35:09','2024-03-30 09:35:09',0,NULL,NULL,NULL),(580,26,14,2,'Out',60.00,'2024-03-30','2024-03-30 12:14:43','2024-03-30 12:14:43',0,NULL,NULL,NULL),(581,16,11,2,'Out',80.00,'2024-02-13','2024-03-30 12:28:57','2024-03-30 12:28:57',0,NULL,NULL,NULL),(582,17,3,2,'Out',40.00,'2024-02-13','2024-03-30 12:30:03','2024-03-30 12:30:03',0,NULL,NULL,NULL),(583,5,21,2,'Out',30.00,'2024-02-13','2024-03-30 12:32:28','2024-03-30 12:32:28',0,NULL,NULL,NULL),(584,7,9,2,'Out',20.00,'2024-02-13','2024-03-30 12:33:39','2024-03-30 12:33:39',0,NULL,NULL,NULL),(585,8,10,2,'Out',20.00,'2024-02-13','2024-03-30 12:44:46','2024-03-30 12:44:46',0,NULL,NULL,NULL),(586,12,1,2,'Out',317.00,'2024-02-13','2024-03-30 12:45:55','2024-03-30 12:45:55',0,NULL,NULL,NULL),(587,27,20,2,'Out',20.00,'2024-02-13','2024-03-30 12:47:27','2024-03-30 12:47:27',0,NULL,NULL,NULL),(588,4,6,2,'Out',30.00,'2024-02-13','2024-03-30 12:48:49','2024-03-30 12:48:49',0,NULL,NULL,NULL),(589,15,5,2,'Out',60.00,'2024-02-13','2024-03-30 12:50:13','2024-03-30 12:50:13',0,NULL,NULL,NULL),(590,29,7,2,'Out',80.00,'2024-03-30','2024-03-30 12:52:40','2024-03-30 12:53:25',1,'Incorrect date',591,NULL),(591,29,7,2,'Out',80.00,'2024-03-30','2024-03-30 12:53:25','2024-03-30 12:53:25',1,NULL,NULL,590),(592,29,7,2,'Out',80.00,'2024-02-13','2024-03-30 12:54:20','2024-03-30 12:54:20',0,NULL,NULL,NULL),(593,5,21,2,'Out',30.00,'2024-02-14','2024-03-30 13:06:01','2024-03-30 13:06:01',0,NULL,NULL,NULL),(594,17,3,2,'Out',200.00,'2024-02-14','2024-03-30 13:07:02','2024-03-30 13:07:02',0,NULL,NULL,NULL),(595,27,10,2,'Out',20.00,'2024-02-14','2024-03-30 13:08:11','2024-03-30 13:08:11',0,NULL,NULL,NULL),(596,9,22,2,'Out',30.00,'2024-02-14','2024-03-30 13:14:26','2024-03-30 13:14:26',0,NULL,NULL,NULL),(597,7,9,2,'Out',20.00,'2024-02-14','2024-03-30 13:15:04','2024-03-30 13:15:04',0,NULL,NULL,NULL),(598,26,14,2,'Out',80.00,'2024-02-14','2024-03-30 13:15:54','2024-03-30 13:15:54',0,NULL,NULL,NULL),(599,23,23,2,'Out',3.00,'2024-02-14','2024-03-30 13:16:43','2024-03-30 13:16:43',0,NULL,NULL,NULL),(600,29,7,2,'Out',210.00,'2024-02-14','2024-03-30 13:17:23','2024-03-30 13:17:23',0,NULL,NULL,NULL),(601,14,7,2,'Out',40.00,'2024-02-15','2024-03-30 13:18:48','2024-03-30 13:18:48',0,NULL,NULL,NULL),(602,16,11,2,'Out',30.00,'2024-02-15','2024-03-30 13:19:44','2024-03-30 13:19:44',0,NULL,NULL,NULL),(603,27,10,2,'Out',20.00,'2024-02-15','2024-03-30 13:20:41','2024-03-30 13:20:41',0,NULL,NULL,NULL),(604,5,21,2,'Out',40.00,'2024-02-15','2024-03-30 13:21:43','2024-03-30 13:21:43',0,NULL,NULL,NULL),(605,17,3,2,'Out',210.00,'2024-02-15','2024-03-30 13:22:46','2024-03-30 13:22:46',0,NULL,NULL,NULL),(606,15,5,2,'Out',70.00,'2024-04-01','2024-04-01 07:22:31','2024-04-01 07:22:31',0,NULL,NULL,NULL),(607,9,10,2,'Out',20.00,'2024-04-01','2024-04-01 14:39:43','2024-04-01 14:39:43',0,NULL,NULL,NULL),(608,5,21,2,'Out',20.00,'2024-04-02','2024-04-03 13:30:13','2024-04-03 13:30:13',0,NULL,NULL,NULL),(609,15,5,2,'Out',20.00,'2024-04-02','2024-04-03 13:31:30','2024-04-03 13:31:30',0,NULL,NULL,NULL),(610,32,2,2,'Out',80.00,'2024-04-02','2024-04-03 13:33:26','2024-04-03 13:33:26',0,NULL,NULL,NULL),(611,17,3,2,'Out',40.00,'2024-04-02','2024-04-03 13:34:57','2024-04-03 13:34:57',0,NULL,NULL,NULL),(612,17,17,2,'In',1470.00,'2024-04-02','2024-04-03 13:37:31','2024-04-03 13:37:31',0,NULL,NULL,NULL),(613,7,10,2,'Out',20.00,'2024-04-03','2024-04-03 13:42:19','2024-04-03 13:42:19',0,NULL,NULL,NULL),(614,10,13,2,'Out',20.00,'2024-04-03','2024-04-03 13:44:06','2024-04-03 13:44:06',0,NULL,NULL,NULL),(615,1,6,2,'Out',30.00,'2024-04-03','2024-04-03 13:44:59','2024-04-03 13:44:59',0,NULL,NULL,NULL),(616,15,5,2,'Out',70.00,'2024-04-03','2024-04-03 13:51:22','2024-04-03 13:51:22',0,NULL,NULL,NULL),(617,10,6,2,'Out',20.00,'2024-04-03','2024-04-03 13:52:06','2024-04-03 13:52:06',0,NULL,NULL,NULL),(618,3,13,2,'Out',20.00,'2024-04-03','2024-04-03 13:52:54','2024-04-03 13:52:54',0,NULL,NULL,NULL),(619,17,4,2,'Out',250.00,'2024-04-03','2024-04-03 13:55:12','2024-04-03 13:55:12',0,NULL,NULL,NULL),(620,32,16,2,'In',2100.00,'2024-02-17','2024-04-03 14:03:36','2024-04-03 14:03:36',0,NULL,NULL,NULL),(621,18,4,2,'Out',40.00,'2024-02-16','2024-04-03 14:05:34','2024-04-03 14:05:34',0,NULL,NULL,NULL),(622,9,22,2,'Out',30.00,'2024-02-16','2024-04-03 14:07:42','2024-04-03 14:07:42',0,NULL,NULL,NULL),(623,16,11,2,'Out',30.00,'2024-02-16','2024-04-03 14:11:38','2024-04-03 14:11:38',0,NULL,NULL,NULL),(624,27,10,2,'Out',20.00,'2024-02-16','2024-04-03 14:13:04','2024-04-03 14:13:04',0,NULL,NULL,NULL),(625,26,14,2,'Out',60.00,'2024-02-16','2024-04-03 14:14:07','2024-04-03 14:14:07',0,NULL,NULL,NULL),(626,8,20,2,'Out',20.00,'2024-02-16','2024-04-03 14:15:44','2024-04-03 14:15:44',0,NULL,NULL,NULL),(627,18,4,2,'Out',210.00,'2024-02-16','2024-04-03 14:16:52','2024-04-03 14:16:52',0,NULL,NULL,NULL),(628,15,5,2,'Out',50.00,'2024-02-17','2024-04-03 14:20:26','2024-04-03 14:20:26',0,NULL,NULL,NULL),(629,3,10,2,'Out',20.00,'2024-02-17','2024-04-03 14:21:14','2024-04-03 14:21:14',0,NULL,NULL,NULL),(630,27,10,2,'Out',20.00,'2024-02-17','2024-04-03 14:22:31','2024-04-03 14:22:31',0,NULL,NULL,NULL),(631,16,11,2,'Out',50.00,'2024-02-17','2024-04-03 14:23:46','2024-04-03 14:23:46',0,NULL,NULL,NULL),(632,8,20,2,'Out',20.00,'2024-02-17','2024-04-03 14:25:06','2024-04-03 14:25:06',0,NULL,NULL,NULL),(633,22,12,2,'Out',40.00,'2024-02-17','2024-04-03 14:25:58','2024-04-03 14:25:58',0,NULL,NULL,NULL),(634,4,6,2,'Out',30.00,'2024-02-17','2024-04-03 14:26:48','2024-04-03 14:26:48',0,NULL,NULL,NULL),(635,26,11,2,'Out',60.00,'2024-04-03','2024-04-06 12:53:06','2024-04-06 12:53:06',0,NULL,NULL,NULL),(636,7,10,2,'Out',30.00,'2024-04-04','2024-04-06 12:54:21','2024-04-06 12:54:21',0,NULL,NULL,NULL),(637,1,7,2,'Out',30.00,'2024-04-04','2024-04-06 12:55:52','2024-04-06 12:55:52',0,NULL,NULL,NULL),(638,10,6,2,'Out',20.00,'2024-04-04','2024-04-06 12:58:48','2024-04-06 12:58:48',0,NULL,NULL,NULL),(639,15,5,2,'Out',70.00,'2024-04-04','2024-04-06 13:00:31','2024-04-06 13:00:31',0,NULL,NULL,NULL),(640,2,22,2,'Out',30.00,'2024-04-04','2024-04-06 13:02:19','2024-04-06 13:02:19',0,NULL,NULL,NULL),(641,16,11,2,'Out',40.00,'2024-04-04','2024-04-06 13:03:55','2024-04-06 13:03:55',0,NULL,NULL,NULL),(642,11,13,2,'Out',20.00,'2024-04-04','2024-04-06 13:05:05','2024-04-06 13:05:05',0,NULL,NULL,NULL),(643,2,22,2,'Out',30.00,'2024-04-04','2024-04-06 13:06:28','2024-04-06 13:06:28',0,NULL,NULL,NULL),(644,20,5,2,'Out',30.00,'2024-04-04','2024-04-06 13:07:24','2024-04-06 13:07:24',0,NULL,NULL,NULL),(645,7,10,2,'Out',20.00,'2024-04-05','2024-04-06 13:08:25','2024-04-06 13:08:25',0,NULL,NULL,NULL),(646,10,6,2,'Out',30.00,'2024-04-05','2024-04-06 13:11:11','2024-04-06 13:11:11',0,NULL,NULL,NULL),(647,26,14,2,'Out',80.00,'2024-04-05','2024-04-06 13:12:19','2024-04-06 13:12:19',0,NULL,NULL,NULL),(648,11,13,2,'Out',20.00,'2024-04-05','2024-04-06 13:17:21','2024-04-06 13:17:21',0,NULL,NULL,NULL),(649,2,22,2,'Out',30.00,'2024-04-05','2024-04-06 13:18:28','2024-04-06 13:18:28',0,NULL,NULL,NULL),(650,9,7,2,'Out',20.00,'2024-04-04','2024-04-06 13:21:38','2024-04-06 13:21:38',0,NULL,NULL,NULL),(651,15,5,2,'Out',40.00,'2024-04-06','2024-04-06 13:22:52','2024-04-06 13:22:52',0,NULL,NULL,NULL),(652,7,10,2,'Out',20.00,'2024-04-06','2024-04-06 13:23:45','2024-04-06 13:23:45',0,NULL,NULL,NULL),(653,9,21,2,'Out',60.00,'2024-02-18','2024-04-06 13:27:39','2024-04-06 13:27:39',0,NULL,NULL,NULL),(654,27,10,2,'Out',20.00,'2024-02-18','2024-04-06 13:30:09','2024-04-06 13:30:09',0,NULL,NULL,NULL),(655,8,21,2,'Out',20.00,'2024-02-18','2024-04-06 13:31:24','2024-04-06 13:31:24',0,NULL,NULL,NULL),(656,15,5,2,'Out',60.00,'2024-02-18','2024-04-06 13:32:26','2024-04-06 13:32:26',0,NULL,NULL,NULL),(657,7,9,2,'Out',20.00,'2024-02-18','2024-04-06 13:40:11','2024-04-06 13:40:11',0,NULL,NULL,NULL),(658,16,11,2,'Out',70.00,'2024-02-18','2024-04-06 13:43:02','2024-04-06 13:43:02',0,NULL,NULL,NULL),(659,18,3,2,'Out',100.00,'2024-02-18','2024-04-06 13:44:38','2024-04-06 13:44:38',0,NULL,NULL,NULL),(660,5,21,2,'Out',30.00,'2024-02-19','2024-04-06 13:47:45','2024-04-06 13:47:45',0,NULL,NULL,NULL),(661,7,9,2,'Out',20.00,'2024-02-19','2024-04-06 13:49:02','2024-04-06 13:49:02',0,NULL,NULL,NULL),(662,27,10,2,'Out',20.00,'2024-02-19','2024-04-06 13:51:29','2024-04-06 13:51:29',0,NULL,NULL,NULL),(663,15,5,2,'Out',40.00,'2024-02-19','2024-04-06 13:56:57','2024-04-06 13:56:57',0,NULL,NULL,NULL),(664,16,11,2,'Out',40.00,'2024-02-19','2024-04-06 14:11:40','2024-04-06 14:11:40',0,NULL,NULL,NULL),(665,17,3,2,'Out',10.00,'2024-02-19','2024-04-06 14:13:19','2024-04-06 14:13:19',0,NULL,NULL,NULL),(666,17,3,2,'Out',90.00,'2024-02-19','2024-04-06 14:14:08','2024-04-06 14:14:08',0,NULL,NULL,NULL),(667,2,22,2,'Out',30.00,'2024-02-19','2024-04-06 14:16:18','2024-04-06 14:16:18',0,NULL,NULL,NULL),(668,4,6,2,'Out',40.00,'2024-02-19','2024-04-06 14:17:44','2024-04-06 14:17:44',0,NULL,NULL,NULL),(669,26,14,2,'Out',80.00,'2024-02-19','2024-04-06 14:18:56','2024-04-06 14:18:56',0,NULL,NULL,NULL),(670,15,5,2,'Out',40.00,'2024-02-19','2024-04-06 14:24:22','2024-04-06 14:24:22',0,NULL,NULL,NULL),(671,26,14,2,'Out',80.00,'2024-04-07','2024-04-07 14:04:09','2024-04-07 14:04:09',0,NULL,NULL,NULL),(672,11,13,2,'Out',20.00,'2024-04-07','2024-04-07 14:05:06','2024-04-07 14:05:06',0,NULL,NULL,NULL),(673,37,1,2,'Out',100.00,'2024-04-07','2024-04-07 14:07:16','2024-04-07 14:07:16',0,NULL,NULL,NULL),(674,35,16,2,'In',1050.00,'2024-04-04','2024-04-07 14:09:02','2024-04-07 14:09:02',0,NULL,NULL,NULL),(675,11,13,2,'Out',20.00,'2024-04-08','2024-04-11 12:26:37','2024-04-11 12:26:37',0,NULL,NULL,NULL),(676,10,9,2,'Out',30.00,'2024-04-08','2024-04-11 12:28:02','2024-04-11 12:28:02',0,NULL,NULL,NULL),(677,7,10,2,'Out',20.00,'2024-04-08','2024-04-11 12:29:19','2024-04-11 12:29:19',0,NULL,NULL,NULL),(678,10,9,2,'Out',30.00,'2024-04-09','2024-04-11 12:31:03','2024-04-11 12:31:03',0,NULL,NULL,NULL),(679,7,10,2,'Out',20.00,'2024-04-09','2024-04-11 12:31:54','2024-04-11 12:31:54',0,NULL,NULL,NULL),(680,3,13,2,'Out',20.00,'2024-04-09','2024-04-11 12:32:40','2024-04-11 12:32:40',0,NULL,NULL,NULL),(681,2,22,2,'Out',100.00,'2024-04-09','2024-04-11 12:33:29','2024-04-11 12:33:29',0,NULL,NULL,NULL),(682,15,5,2,'Out',70.00,'2024-04-09','2024-04-11 12:34:27','2024-04-11 12:34:27',0,NULL,NULL,NULL),(683,16,11,2,'Out',40.00,'2024-04-09','2024-04-11 12:39:43','2024-04-11 12:39:43',0,NULL,NULL,NULL),(684,35,2,2,'Out',60.00,'2024-04-09','2024-04-11 12:41:19','2024-04-11 12:41:19',0,NULL,NULL,NULL),(685,35,16,2,'In',1050.00,'2024-04-08','2024-04-11 12:43:27','2024-04-11 12:43:27',0,NULL,NULL,NULL),(686,7,10,2,'Out',20.00,'2024-04-11','2024-04-11 12:44:40','2024-04-11 12:44:40',0,NULL,NULL,NULL),(687,3,13,2,'Out',20.00,'2024-04-11','2024-04-11 12:45:25','2024-04-11 12:45:25',0,NULL,NULL,NULL),(688,22,23,2,'Out',40.00,'2024-04-11','2024-04-11 12:46:25','2024-04-11 12:46:25',0,NULL,NULL,NULL),(689,1,6,2,'Out',30.00,'2024-04-11','2024-04-11 12:47:16','2024-04-11 12:47:16',0,NULL,NULL,NULL),(690,27,7,2,'Out',30.00,'2024-04-11','2024-04-11 12:48:21','2024-04-11 12:48:21',0,NULL,NULL,NULL),(691,2,22,2,'Out',40.00,'2024-04-11','2024-04-11 12:49:14','2024-04-11 12:49:14',0,NULL,NULL,NULL),(692,15,5,2,'Out',70.00,'2024-04-11','2024-04-11 12:50:04','2024-04-11 12:50:04',0,NULL,NULL,NULL),(693,16,11,2,'Out',50.00,'2024-04-11','2024-04-11 12:51:24','2024-04-11 12:51:24',0,NULL,NULL,NULL),(694,26,14,2,'Out',120.00,'2024-02-20','2024-04-11 13:08:27','2024-04-11 13:08:27',0,NULL,NULL,NULL),(695,16,11,2,'Out',40.00,'2024-04-11','2024-04-11 13:09:12','2024-04-11 13:09:12',0,NULL,NULL,NULL),(696,15,5,2,'Out',100.00,'2024-02-20','2024-04-11 13:10:41','2024-04-11 13:10:41',0,NULL,NULL,NULL),(697,29,7,2,'Out',210.00,'2024-02-20','2024-04-11 13:11:47','2024-04-11 13:11:47',0,NULL,NULL,NULL),(698,17,3,2,'Out',80.00,'2024-02-20','2024-04-11 13:12:55','2024-04-11 13:12:55',0,NULL,NULL,NULL),(699,5,21,2,'Out',30.00,'2024-02-20','2024-04-11 13:14:00','2024-04-11 13:14:00',0,NULL,NULL,NULL),(700,8,20,2,'Out',20.00,'2024-02-20','2024-04-11 13:14:58','2024-04-11 13:14:58',0,NULL,NULL,NULL),(701,3,10,2,'Out',20.00,'2024-02-20','2024-04-11 13:16:19','2024-04-11 13:16:19',0,NULL,NULL,NULL),(702,18,18,2,'In',2940.00,'2024-02-21','2024-04-11 17:21:14','2024-04-11 17:21:14',1,NULL,NULL,1),(703,28,24,1,'In',789.00,'2024-04-11','2024-04-11 17:23:12','2024-04-11 17:23:12',0,NULL,NULL,NULL),(704,7,10,2,'Out',20.00,'2024-04-12','2024-04-12 08:41:03','2024-04-12 08:41:03',0,NULL,NULL,NULL),(705,3,13,2,'Out',20.00,'2024-04-12','2024-04-12 08:42:22','2024-04-12 08:42:22',0,NULL,NULL,NULL),(706,38,23,2,'Out',20.00,'2024-04-12','2024-04-12 13:46:51','2024-04-12 13:46:51',0,NULL,NULL,NULL),(707,7,10,2,'Out',20.00,'2024-04-13','2024-04-13 13:23:49','2024-04-13 13:23:49',0,NULL,NULL,NULL),(708,1,7,2,'Out',30.00,'2024-04-13','2024-04-13 13:25:09','2024-04-13 13:25:09',0,NULL,NULL,NULL),(709,3,13,2,'Out',20.00,'2024-04-13','2024-04-13 13:26:46','2024-04-13 13:26:46',0,NULL,NULL,NULL),(710,15,5,2,'Out',40.00,'2024-04-13','2024-04-13 13:30:27','2024-04-13 13:30:27',0,NULL,NULL,NULL),(711,26,14,2,'Out',60.00,'2024-04-13','2024-04-13 13:33:19','2024-04-13 13:33:19',0,NULL,NULL,NULL),(712,21,23,2,'Out',30.00,'2024-04-13','2024-04-13 14:01:28','2024-04-13 14:01:28',0,NULL,NULL,NULL),(713,40,23,2,'Out',10.00,'2024-04-13','2024-04-13 14:02:38','2024-04-13 14:02:38',0,NULL,NULL,NULL),(714,10,10,2,'Out',20.00,'2024-04-14','2024-04-14 07:26:53','2024-04-14 07:26:53',0,NULL,NULL,NULL),(715,1,7,2,'Out',30.00,'2024-04-14','2024-04-15 06:00:12','2024-04-15 06:00:12',0,NULL,NULL,NULL),(716,15,5,2,'Out',30.00,'2024-04-14','2024-04-15 06:01:50','2024-04-15 06:01:50',0,NULL,NULL,NULL),(717,10,10,2,'Out',20.00,'2024-04-15','2024-04-15 12:01:22','2024-04-15 12:01:22',0,NULL,NULL,NULL),(718,1,7,2,'Out',30.00,'2024-04-15','2024-04-15 12:02:35','2024-04-15 12:02:35',0,NULL,NULL,NULL),(719,15,5,2,'Out',30.00,'2024-04-15','2024-04-15 12:03:38','2024-04-15 12:03:38',0,NULL,NULL,NULL),(720,33,32,2,'Out',210.00,'2024-04-15','2024-04-15 12:05:01','2024-04-15 12:05:01',0,NULL,NULL,NULL),(721,3,13,2,'Out',20.00,'2024-04-15','2024-04-15 12:06:42','2024-04-15 12:06:42',0,NULL,NULL,NULL),(722,11,21,2,'Out',15.00,'2024-04-15','2024-04-15 12:07:29','2024-04-15 12:07:29',0,NULL,NULL,NULL),(723,1,7,2,'Out',30.00,'2024-04-16','2024-04-16 12:17:03','2024-04-16 12:17:03',0,NULL,NULL,NULL),(724,22,23,2,'Out',20.00,'2024-04-16','2024-04-16 12:18:03','2024-04-16 12:18:03',0,NULL,NULL,NULL),(725,8,10,2,'Out',20.00,'2024-04-16','2024-04-16 12:19:02','2024-04-16 12:19:02',0,NULL,NULL,NULL),(726,5,21,2,'Out',20.00,'2024-04-16','2024-04-16 12:19:48','2024-04-16 12:19:48',0,NULL,NULL,NULL),(727,7,10,2,'Out',20.00,'2024-04-17','2024-04-17 13:56:36','2024-04-17 13:56:36',0,NULL,NULL,NULL),(728,1,7,2,'Out',30.00,'2024-04-17','2024-04-17 13:57:09','2024-04-17 13:57:09',0,NULL,NULL,NULL),(729,3,13,2,'Out',20.00,'2024-04-17','2024-04-17 13:58:26','2024-04-17 13:58:26',0,NULL,NULL,NULL),(730,18,4,2,'Out',380.00,'2024-04-17','2024-04-17 13:59:46','2024-04-17 13:59:46',0,NULL,NULL,NULL),(731,16,11,2,'Out',10.00,'2024-04-17','2024-04-17 14:01:08','2024-04-17 14:01:08',0,NULL,NULL,NULL),(732,35,2,2,'Out',400.00,'2024-04-17','2024-04-17 14:03:35','2024-04-17 14:03:35',0,NULL,NULL,NULL),(733,1,7,2,'Out',30.00,'2024-04-18','2024-04-19 05:49:52','2024-04-19 05:49:52',0,NULL,NULL,NULL),(734,11,21,2,'Out',20.00,'2024-04-18','2024-04-19 05:50:39','2024-04-19 05:50:39',0,NULL,NULL,NULL),(735,7,10,2,'Out',20.00,'2024-04-18','2024-04-19 05:51:25','2024-04-19 05:51:25',0,NULL,NULL,NULL),(736,3,13,2,'Out',20.00,'2024-04-18','2024-04-19 05:52:24','2024-04-19 05:52:24',0,NULL,NULL,NULL),(737,15,5,2,'Out',30.00,'2024-04-18','2024-04-19 05:52:57','2024-04-19 05:52:57',0,NULL,NULL,NULL),(738,15,5,2,'Out',30.00,'2024-04-19','2024-04-19 05:54:48','2024-04-19 05:54:48',0,NULL,NULL,NULL),(739,10,10,2,'Out',20.00,'2024-04-19','2024-04-19 05:58:24','2024-04-19 05:58:24',0,NULL,NULL,NULL),(740,3,13,2,'Out',20.00,'2024-04-19','2024-04-19 05:59:22','2024-04-19 05:59:22',0,NULL,NULL,NULL),(741,1,7,2,'Out',30.00,'2024-04-19','2024-04-19 06:00:41','2024-04-19 06:00:41',0,NULL,NULL,NULL),(742,22,23,2,'Out',40.00,'2024-04-19','2024-04-19 07:46:50','2024-04-19 07:46:50',0,NULL,NULL,NULL),(743,1,9,2,'Out',30.00,'2024-04-20','2024-04-20 07:54:29','2024-04-20 07:54:29',0,NULL,NULL,NULL),(744,7,10,2,'Out',20.00,'2024-04-20','2024-04-20 07:55:09','2024-04-20 07:55:09',0,NULL,NULL,NULL),(745,10,21,2,'Out',20.00,'2024-04-20','2024-04-20 07:55:52','2024-04-20 07:55:52',0,NULL,NULL,NULL),(746,40,23,2,'Out',20.00,'2024-04-21','2024-04-22 14:50:54','2024-04-22 14:50:54',0,NULL,NULL,NULL),(747,32,2,2,'Out',160.00,'2024-04-21','2024-04-22 14:51:55','2024-04-22 14:51:55',0,NULL,NULL,NULL),(748,17,17,2,'In',1050.00,'2024-04-22','2024-04-22 14:52:56','2024-04-22 14:52:56',0,NULL,NULL,NULL),(749,3,13,2,'Out',20.00,'2024-04-22','2024-04-22 14:53:49','2024-04-22 14:53:49',0,NULL,NULL,NULL),(750,7,10,2,'Out',20.00,'2024-04-22','2024-04-22 14:54:47','2024-04-22 14:54:47',0,NULL,NULL,NULL),(751,35,4,2,'Out',210.00,'2024-04-22','2024-04-22 14:55:47','2024-04-22 14:55:47',0,NULL,NULL,NULL),(752,16,11,2,'Out',40.00,'2024-04-23','2024-04-23 06:56:22','2024-04-23 06:56:22',0,NULL,NULL,NULL),(753,7,10,2,'Out',20.00,'2024-04-23','2024-04-23 06:58:54','2024-04-23 06:58:54',0,NULL,NULL,NULL),(754,3,13,2,'Out',20.00,'2024-04-23','2024-04-23 07:00:45','2024-04-23 07:00:45',0,NULL,NULL,NULL),(755,26,14,2,'Out',60.00,'2024-04-24','2024-04-24 06:54:41','2024-04-24 06:54:41',0,NULL,NULL,NULL),(756,3,13,2,'Out',20.00,'2024-04-25','2024-04-26 07:11:59','2024-04-26 07:11:59',0,NULL,NULL,NULL),(757,7,10,2,'Out',20.00,'2024-04-25','2024-04-26 07:13:01','2024-04-26 07:13:01',0,NULL,NULL,NULL),(758,10,7,2,'Out',30.00,'2024-04-25','2024-04-26 07:20:09','2024-04-26 07:20:09',0,NULL,NULL,NULL),(759,10,10,2,'Out',20.00,'2024-04-26','2024-04-26 07:46:24','2024-04-26 07:46:24',0,NULL,NULL,NULL),(760,1,7,2,'Out',30.00,'2024-04-26','2024-04-26 07:47:16','2024-04-26 07:47:16',0,NULL,NULL,NULL),(761,16,11,2,'Out',40.00,'2024-04-26','2024-04-26 07:48:44','2024-04-26 07:48:44',0,NULL,NULL,NULL),(762,5,13,2,'Out',20.00,'2024-04-26','2024-04-26 07:49:47','2024-04-26 07:49:47',0,NULL,NULL,NULL),(763,20,5,2,'Out',20.00,'2024-04-26','2024-04-26 07:50:41','2024-04-26 07:50:41',0,NULL,NULL,NULL),(764,26,14,2,'Out',80.00,'2024-04-22','2024-04-26 08:00:58','2024-04-26 08:00:58',0,NULL,NULL,NULL),(765,1,6,2,'Out',30.00,'2024-04-27','2024-04-27 09:59:53','2024-04-27 09:59:53',0,NULL,NULL,NULL),(766,7,10,2,'Out',20.00,'2024-04-27','2024-04-27 10:00:37','2024-04-27 10:00:37',0,NULL,NULL,NULL),(767,16,11,2,'Out',30.00,'2024-04-27','2024-04-27 10:01:23','2024-04-27 10:01:23',0,NULL,NULL,NULL),(768,22,23,2,'Out',40.00,'2024-04-28','2024-04-30 06:31:03','2024-04-30 06:31:03',0,NULL,NULL,NULL),(769,16,11,2,'Out',20.00,'2024-04-28','2024-04-30 06:31:57','2024-04-30 06:31:57',0,NULL,NULL,NULL),(770,3,13,2,'Out',20.00,'2024-04-29','2024-04-30 06:32:56','2024-04-30 06:32:56',0,NULL,NULL,NULL),(771,26,14,2,'Out',80.00,'2024-04-29','2024-04-30 06:35:24','2024-04-30 06:35:24',0,NULL,NULL,NULL),(772,12,7,2,'Out',20.00,'2024-04-29','2024-04-30 06:36:30','2024-04-30 06:36:30',0,NULL,NULL,NULL),(773,7,10,2,'Out',20.00,'2024-04-29','2024-04-30 06:37:34','2024-04-30 06:37:34',0,NULL,NULL,NULL),(774,16,11,2,'Out',40.00,'2024-04-29','2024-04-30 06:38:45','2024-04-30 06:38:45',0,NULL,NULL,NULL),(775,1,6,2,'Out',30.00,'2024-04-29','2024-04-30 06:39:31','2024-04-30 06:39:31',0,NULL,NULL,NULL),(776,15,5,2,'Out',30.00,'2024-04-29','2024-04-30 06:40:22','2024-04-30 06:40:22',0,NULL,NULL,NULL),(777,35,18,2,'In',2730.00,'2024-04-29','2024-04-30 06:42:20','2024-04-30 06:42:20',0,NULL,NULL,NULL),(778,7,10,2,'Out',20.00,'2024-04-30','2024-04-30 06:43:36','2024-04-30 06:43:36',0,NULL,NULL,NULL),(779,1,7,2,'Out',30.00,'2024-04-30','2024-04-30 06:44:45','2024-04-30 06:44:45',0,NULL,NULL,NULL),(780,10,6,2,'Out',30.00,'2024-04-30','2024-04-30 06:45:30','2024-04-30 06:45:30',0,NULL,NULL,NULL),(781,5,21,2,'Out',30.00,'2024-04-30','2024-04-30 06:46:20','2024-04-30 06:46:20',0,NULL,NULL,NULL),(782,3,13,2,'Out',20.00,'2024-04-30','2024-04-30 06:47:01','2024-04-30 06:47:01',0,NULL,NULL,NULL);
/*!40000 ALTER TABLE `fuel_transactions` ENABLE KEYS */;
UNLOCK TABLES;

--
-- Table structure for table `fuels`
--

DROP TABLE IF EXISTS `fuels`;
/*!40101 SET @saved_cs_client     = @@character_set_client */;
/*!50503 SET character_set_client = utf8mb4 */;
CREATE TABLE `fuels` (
  `id` bigint unsigned NOT NULL AUTO_INCREMENT,
  `type` varchar(255) COLLATE utf8mb4_unicode_ci NOT NULL,
  `balance` decimal(15,2) NOT NULL DEFAULT '0.00',
  `created_at` timestamp NULL DEFAULT NULL,
  `updated_at` timestamp NULL DEFAULT NULL,
  PRIMARY KEY (`id`)
) ENGINE=InnoDB AUTO_INCREMENT=2 DEFAULT CHARSET=utf8mb4 COLLATE=utf8mb4_unicode_ci;
/*!40101 SET character_set_client = @saved_cs_client */;

--
-- Dumping data for table `fuels`
--

LOCK TABLES `fuels` WRITE;
/*!40000 ALTER TABLE `fuels` DISABLE KEYS */;
INSERT INTO `fuels` VALUES (1,'Diesel',2985.00,'2024-02-04 15:08:31','2024-04-30 06:47:01');
/*!40000 ALTER TABLE `fuels` ENABLE KEYS */;
UNLOCK TABLES;

--
-- Table structure for table `lub_transactions`
--

DROP TABLE IF EXISTS `lub_transactions`;
/*!40101 SET @saved_cs_client     = @@character_set_client */;
/*!50503 SET character_set_client = utf8mb4 */;
CREATE TABLE `lub_transactions` (
  `id` bigint unsigned NOT NULL AUTO_INCREMENT,
  `vehicle_id` bigint unsigned DEFAULT NULL,
  `person_id` bigint unsigned DEFAULT NULL,
  `user_id` bigint unsigned DEFAULT NULL,
  `lub_id` bigint unsigned DEFAULT NULL,
  `type` varchar(255) COLLATE utf8mb4_unicode_ci NOT NULL,
  `quantity` decimal(15,2) NOT NULL DEFAULT '0.00',
  `date` date NOT NULL,
  `created_at` timestamp NULL DEFAULT NULL,
  `updated_at` timestamp NULL DEFAULT NULL,
  `is_reversed` tinyint(1) NOT NULL DEFAULT '0',
  `reversal_reason` text COLLATE utf8mb4_unicode_ci,
  `reversed_by` bigint unsigned DEFAULT NULL,
  `reverses` bigint unsigned DEFAULT NULL,
  PRIMARY KEY (`id`),
  KEY `lub_transactions_vehicle_id_foreign` (`vehicle_id`),
  KEY `lub_transactions_person_id_foreign` (`person_id`),
  KEY `lub_transactions_user_id_foreign` (`user_id`),
  KEY `lub_transactions_lub_id_foreign` (`lub_id`),
  KEY `lub_transactions_reversed_by_foreign` (`reversed_by`),
  KEY `lub_transactions_reverses_foreign` (`reverses`),
  CONSTRAINT `lub_transactions_lub_id_foreign` FOREIGN KEY (`lub_id`) REFERENCES `lubs` (`id`),
  CONSTRAINT `lub_transactions_person_id_foreign` FOREIGN KEY (`person_id`) REFERENCES `people` (`id`),
  CONSTRAINT `lub_transactions_reversed_by_foreign` FOREIGN KEY (`reversed_by`) REFERENCES `lub_transactions` (`id`) ON DELETE SET NULL,
  CONSTRAINT `lub_transactions_reverses_foreign` FOREIGN KEY (`reverses`) REFERENCES `lub_transactions` (`id`) ON DELETE SET NULL,
  CONSTRAINT `lub_transactions_user_id_foreign` FOREIGN KEY (`user_id`) REFERENCES `users` (`id`),
  CONSTRAINT `lub_transactions_vehicle_id_foreign` FOREIGN KEY (`vehicle_id`) REFERENCES `vehicles` (`id`)
) ENGINE=InnoDB AUTO_INCREMENT=13 DEFAULT CHARSET=utf8mb4 COLLATE=utf8mb4_unicode_ci;
/*!40101 SET character_set_client = @saved_cs_client */;

--
-- Dumping data for table `lub_transactions`
--

LOCK TABLES `lub_transactions` WRITE;
/*!40000 ALTER TABLE `lub_transactions` DISABLE KEYS */;
INSERT INTO `lub_transactions` VALUES (1,9,17,3,1,'In',379.00,'2024-04-03','2024-04-03 09:41:58','2024-04-03 09:41:58',0,NULL,NULL,NULL),(2,9,17,3,2,'In',27.00,'2024-04-03','2024-04-03 09:42:34','2024-04-03 09:42:34',0,NULL,NULL,NULL),(3,9,17,3,3,'In',20.00,'2024-04-03','2024-04-03 09:43:05','2024-04-03 09:43:05',0,NULL,NULL,NULL),(4,9,17,3,4,'In',112.00,'2024-04-03','2024-04-03 09:43:34','2024-04-03 09:43:34',0,NULL,NULL,NULL),(5,9,17,3,5,'In',4.00,'2024-04-03','2024-04-03 09:43:58','2024-04-03 09:43:58',0,NULL,NULL,NULL),(6,9,17,3,6,'In',12.00,'2024-04-03','2024-04-03 09:44:20','2024-04-03 09:44:20',0,NULL,NULL,NULL),(7,9,17,3,7,'In',23.00,'2024-04-03','2024-04-03 09:44:46','2024-04-03 09:44:46',0,NULL,NULL,NULL),(8,9,17,3,8,'In',230.00,'2024-04-03','2024-04-03 09:45:20','2024-04-03 09:45:20',0,NULL,NULL,NULL),(9,9,17,3,9,'In',1.30,'2024-04-03','2024-04-03 10:04:53','2024-04-03 10:04:53',0,NULL,NULL,NULL),(10,10,9,2,4,'Out',8.00,'2024-04-12','2024-04-15 12:15:42','2024-04-15 12:15:42',0,NULL,NULL,NULL),(11,9,17,2,4,'In',112.00,'2024-04-12','2024-04-15 12:18:45','2024-04-15 12:18:45',0,NULL,NULL,NULL),(12,3,13,2,4,'Out',8.00,'2024-04-12','2024-04-15 12:20:38','2024-04-15 12:20:38',0,NULL,NULL,NULL);
/*!40000 ALTER TABLE `lub_transactions` ENABLE KEYS */;
UNLOCK TABLES;

--
-- Table structure for table `lubs`
--

DROP TABLE IF EXISTS `lubs`;
/*!40101 SET @saved_cs_client     = @@character_set_client */;
/*!50503 SET character_set_client = utf8mb4 */;
CREATE TABLE `lubs` (
  `id` bigint unsigned NOT NULL AUTO_INCREMENT,
  `type` varchar(255) COLLATE utf8mb4_unicode_ci NOT NULL,
  `balance` decimal(15,2) NOT NULL DEFAULT '0.00',
  `created_at` timestamp NULL DEFAULT NULL,
  `updated_at` timestamp NULL DEFAULT NULL,
  PRIMARY KEY (`id`)
) ENGINE=InnoDB AUTO_INCREMENT=10 DEFAULT CHARSET=utf8mb4 COLLATE=utf8mb4_unicode_ci;
/*!40101 SET character_set_client = @saved_cs_client */;

--
-- Dumping data for table `lubs`
--

LOCK TABLES `lubs` WRITE;
/*!40000 ALTER TABLE `lubs` DISABLE KEYS */;
INSERT INTO `lubs` VALUES (1,'Multi Agri SAE15W40',379.00,'2024-04-03 09:35:41','2024-04-03 09:41:58'),(2,'Transmission Oil SAE140 (Diff)',27.00,'2024-04-03 09:37:13','2024-04-03 09:42:34'),(3,'Azolla ZS 46',20.00,'2024-04-03 09:37:42','2024-04-03 09:43:05'),(4,'Rubia 6200',208.00,'2024-04-03 09:37:58','2024-04-15 12:20:38'),(5,'Red Hydraulic Fluid Matic D2',4.00,'2024-04-03 09:38:45','2024-04-03 09:43:58'),(6,'LHM Clutch',12.00,'2024-04-03 09:39:05','2024-04-03 09:44:20'),(7,'Coolant Auto Supra 26',23.00,'2024-04-03 09:39:36','2024-04-03 09:44:46'),(8,'Grease EP2',230.00,'2024-04-03 09:40:19','2024-04-03 09:45:20'),(9,'Brake Fluid HBF4',1.30,'2024-04-03 09:40:37','2024-04-03 10:04:53');
/*!40000 ALTER TABLE `lubs` ENABLE KEYS */;
UNLOCK TABLES;

--
-- Table structure for table `lubs_transactions`
--

DROP TABLE IF EXISTS `lubs_transactions`;
/*!40101 SET @saved_cs_client     = @@character_set_client */;
/*!50503 SET character_set_client = utf8mb4 */;
CREATE TABLE `lubs_transactions` (
  `id` bigint unsigned NOT NULL AUTO_INCREMENT,
  `vehicle_id` bigint unsigned DEFAULT NULL,
  `person_id` bigint unsigned DEFAULT NULL,
  `user_id` bigint unsigned DEFAULT NULL,
  `type` varchar(255) COLLATE utf8mb4_unicode_ci NOT NULL,
  `quantity` decimal(15,2) NOT NULL DEFAULT '0.00',
  `date` date NOT NULL,
  `created_at` timestamp NULL DEFAULT NULL,
  `updated_at` timestamp NULL DEFAULT NULL,
  PRIMARY KEY (`id`),
  KEY `lubs_transactions_vehicle_id_foreign` (`vehicle_id`),
  KEY `lubs_transactions_person_id_foreign` (`person_id`),
  KEY `lubs_transactions_user_id_foreign` (`user_id`),
  CONSTRAINT `lubs_transactions_person_id_foreign` FOREIGN KEY (`person_id`) REFERENCES `people` (`id`),
  CONSTRAINT `lubs_transactions_user_id_foreign` FOREIGN KEY (`user_id`) REFERENCES `users` (`id`),
  CONSTRAINT `lubs_transactions_vehicle_id_foreign` FOREIGN KEY (`vehicle_id`) REFERENCES `vehicles` (`id`)
) ENGINE=InnoDB DEFAULT CHARSET=utf8mb4 COLLATE=utf8mb4_unicode_ci;
/*!40101 SET character_set_client = @saved_cs_client */;

--
-- Dumping data for table `lubs_transactions`
--

LOCK TABLES `lubs_transactions` WRITE;
/*!40000 ALTER TABLE `lubs_transactions` DISABLE KEYS */;
/*!40000 ALTER TABLE `lubs_transactions` ENABLE KEYS */;
UNLOCK TABLES;

--
-- Table structure for table `migrations`
--

DROP TABLE IF EXISTS `migrations`;
/*!40101 SET @saved_cs_client     = @@character_set_client */;
/*!50503 SET character_set_client = utf8mb4 */;
CREATE TABLE `migrations` (
  `id` int unsigned NOT NULL AUTO_INCREMENT,
  `migration` varchar(255) COLLATE utf8mb4_unicode_ci NOT NULL,
  `batch` int NOT NULL,
  PRIMARY KEY (`id`)
) ENGINE=InnoDB AUTO_INCREMENT=21 DEFAULT CHARSET=utf8mb4 COLLATE=utf8mb4_unicode_ci;
/*!40101 SET character_set_client = @saved_cs_client */;

--
-- Dumping data for table `migrations`
--

LOCK TABLES `migrations` WRITE;
/*!40000 ALTER TABLE `migrations` DISABLE KEYS */;
INSERT INTO `migrations` VALUES (1,'2014_10_12_000000_create_users_table',1),(2,'2014_10_12_100000_create_password_reset_tokens_table',1),(3,'2019_08_19_000000_create_failed_jobs_table',1),(4,'2019_12_14_000001_create_personal_access_tokens_table',1),(5,'2023_12_10_132234_create_fuels_table',1),(6,'2023_12_11_103310_create_vehicle_categories_table',1),(7,'2023_12_11_103415_create_vehicles_table',1),(8,'2023_12_11_103424_create_people_table',1),(9,'2023_12_11_103501_create_fuel_transactions_table',1),(10,'2024_01_08_090056_create_lubs_table',1),(11,'2024_01_08_090119_create_lubs_transactions_table',1),(12,'2024_01_08_090119_create_lub_transactions_table',2),(13,'2024_02_21_170656_update_fuel_transactions_table',3),(14,'2024_04_01_044846_create_chemicals_table',4),(15,'2024_04_01_083538_create_chemical_transactions_table',4),(16,'2024_04_03_182506_update_chemical_transactions_table',4),(17,'2024_04_15_114754_create_fertilisers_table',4),(18,'2024_04_22_101749_update_lub_transactions_table',4),(19,'2024_04_22_111214_create_fertiliser_transactions_table',4),(20,'2024_04_22_121350_update_fertiliser_transactions_table',4);
/*!40000 ALTER TABLE `migrations` ENABLE KEYS */;
UNLOCK TABLES;

--
-- Table structure for table `password_reset_tokens`
--

DROP TABLE IF EXISTS `password_reset_tokens`;
/*!40101 SET @saved_cs_client     = @@character_set_client */;
/*!50503 SET character_set_client = utf8mb4 */;
CREATE TABLE `password_reset_tokens` (
  `email` varchar(255) COLLATE utf8mb4_unicode_ci NOT NULL,
  `token` varchar(255) COLLATE utf8mb4_unicode_ci NOT NULL,
  `created_at` timestamp NULL DEFAULT NULL,
  PRIMARY KEY (`email`)
) ENGINE=InnoDB DEFAULT CHARSET=utf8mb4 COLLATE=utf8mb4_unicode_ci;
/*!40101 SET character_set_client = @saved_cs_client */;

--
-- Dumping data for table `password_reset_tokens`
--

LOCK TABLES `password_reset_tokens` WRITE;
/*!40000 ALTER TABLE `password_reset_tokens` DISABLE KEYS */;
/*!40000 ALTER TABLE `password_reset_tokens` ENABLE KEYS */;
UNLOCK TABLES;

--
-- Table structure for table `people`
--

DROP TABLE IF EXISTS `people`;
/*!40101 SET @saved_cs_client     = @@character_set_client */;
/*!50503 SET character_set_client = utf8mb4 */;
CREATE TABLE `people` (
  `id` bigint unsigned NOT NULL AUTO_INCREMENT,
  `name` varchar(255) COLLATE utf8mb4_unicode_ci NOT NULL,
  `role` varchar(255) COLLATE utf8mb4_unicode_ci NOT NULL,
  `created_at` timestamp NULL DEFAULT NULL,
  `updated_at` timestamp NULL DEFAULT NULL,
  PRIMARY KEY (`id`)
) ENGINE=InnoDB AUTO_INCREMENT=33 DEFAULT CHARSET=utf8mb4 COLLATE=utf8mb4_unicode_ci;
/*!40101 SET character_set_client = @saved_cs_client */;

--
-- Dumping data for table `people`
--

LOCK TABLES `people` WRITE;
/*!40000 ALTER TABLE `people` DISABLE KEYS */;
INSERT INTO `people` VALUES (1,'Asaba Steven','Operator','2024-02-05 12:50:14','2024-02-05 12:50:14'),(2,'Sabiti Stanely','Operator','2024-02-05 12:50:28','2024-02-05 12:50:28'),(3,'Wani Jackson','Operator','2024-02-05 12:50:43','2024-02-05 12:50:43'),(4,'Tulihohabwe Hillary','Operator','2024-02-05 12:51:04','2024-02-05 12:51:04'),(5,'Tinka Fred','Operator','2024-02-05 12:51:13','2024-02-05 12:51:13'),(6,'Kaikirwaki Fred','Operator','2024-02-05 12:51:37','2024-02-05 12:51:37'),(7,'Businge Robert','Operator','2024-02-05 12:51:52','2024-02-05 12:51:52'),(8,'Businge Christopher','Operator','2024-02-05 12:52:09','2024-02-05 12:52:09'),(9,'Tumusiime Habert','Operator','2024-02-05 12:52:37','2024-02-05 12:52:37'),(10,'Bukenya Godfrey','Operator','2024-02-05 12:52:51','2024-04-05 13:34:50'),(11,'Mugisha Michael','Operator','2024-02-05 12:53:04','2024-02-05 12:53:04'),(12,'Tongomin Daniel','Operator','2024-02-05 12:53:23','2024-02-05 12:53:23'),(13,'Muganyizi Innocent','Operator','2024-02-05 12:53:37','2024-02-05 12:53:37'),(14,'Muganyizi Yofesi','Operator','2024-02-05 12:54:01','2024-02-05 12:54:01'),(15,'Asaba Steven','driver','2024-02-05 12:54:30','2024-02-05 12:54:30'),(16,'Sabiiti Stanely','driver','2024-02-05 12:54:44','2024-02-05 12:54:44'),(17,'Wani Jackson','driver','2024-02-05 12:54:54','2024-02-05 12:54:54'),(18,'Tulihohabwe Hillary','driver','2024-02-05 12:55:09','2024-02-05 12:55:09'),(19,'Tinka Fred','driver','2024-02-05 12:55:18','2024-02-05 12:55:18'),(20,'Tumuhimbise Richard','Operator','2024-02-21 14:30:35','2024-02-21 14:30:35'),(21,'Irumba Francis','Operator','2024-02-22 12:20:08','2024-02-22 12:20:08'),(22,'Ssekayi JohnBosco','Operator','2024-02-22 12:20:30','2024-02-22 12:20:30'),(23,'Zawadi David','Operator','2024-02-22 12:20:43','2024-02-22 12:20:43'),(24,'Onboarding','driver','2024-02-22 14:52:09','2024-02-22 14:52:09'),(25,'Mugisha Michael','driver','2024-02-27 08:23:14','2024-02-27 08:23:14'),(26,'Bukenya Godfrey','driver','2024-02-27 08:23:29','2024-04-05 13:35:47'),(27,'Innocent Muganyizi','driver','2024-02-27 08:24:03','2024-02-27 08:24:03'),(28,'Praise Hilda','Operator','2024-03-03 14:38:43','2024-04-05 13:34:29'),(29,'Tushabomwe Ivan','Operator','2024-03-06 08:05:30','2024-03-06 08:05:30'),(30,'Bingi Roger.','Operator','2024-03-20 13:28:43','2024-03-20 13:28:43'),(31,'Enock Builder','Operator','2024-04-05 13:35:28','2024-04-05 13:35:28'),(32,'Joseph Iroot','Operator','2024-04-15 06:13:49','2024-04-15 06:13:49');
/*!40000 ALTER TABLE `people` ENABLE KEYS */;
UNLOCK TABLES;

--
-- Table structure for table `personal_access_tokens`
--

DROP TABLE IF EXISTS `personal_access_tokens`;
/*!40101 SET @saved_cs_client     = @@character_set_client */;
/*!50503 SET character_set_client = utf8mb4 */;
CREATE TABLE `personal_access_tokens` (
  `id` bigint unsigned NOT NULL AUTO_INCREMENT,
  `tokenable_type` varchar(255) COLLATE utf8mb4_unicode_ci NOT NULL,
  `tokenable_id` bigint unsigned NOT NULL,
  `name` varchar(255) COLLATE utf8mb4_unicode_ci NOT NULL,
  `token` varchar(64) COLLATE utf8mb4_unicode_ci NOT NULL,
  `abilities` text COLLATE utf8mb4_unicode_ci,
  `last_used_at` timestamp NULL DEFAULT NULL,
  `expires_at` timestamp NULL DEFAULT NULL,
  `created_at` timestamp NULL DEFAULT NULL,
  `updated_at` timestamp NULL DEFAULT NULL,
  PRIMARY KEY (`id`),
  UNIQUE KEY `personal_access_tokens_token_unique` (`token`),
  KEY `personal_access_tokens_tokenable_type_tokenable_id_index` (`tokenable_type`,`tokenable_id`)
) ENGINE=InnoDB DEFAULT CHARSET=utf8mb4 COLLATE=utf8mb4_unicode_ci;
/*!40101 SET character_set_client = @saved_cs_client */;

--
-- Dumping data for table `personal_access_tokens`
--

LOCK TABLES `personal_access_tokens` WRITE;
/*!40000 ALTER TABLE `personal_access_tokens` DISABLE KEYS */;
/*!40000 ALTER TABLE `personal_access_tokens` ENABLE KEYS */;
UNLOCK TABLES;

--
-- Table structure for table `users`
--

DROP TABLE IF EXISTS `users`;
/*!40101 SET @saved_cs_client     = @@character_set_client */;
/*!50503 SET character_set_client = utf8mb4 */;
CREATE TABLE `users` (
  `id` bigint unsigned NOT NULL AUTO_INCREMENT,
  `name` varchar(255) COLLATE utf8mb4_unicode_ci NOT NULL,
  `email` varchar(255) COLLATE utf8mb4_unicode_ci NOT NULL,
  `email_verified_at` timestamp NULL DEFAULT NULL,
  `password` varchar(255) COLLATE utf8mb4_unicode_ci NOT NULL,
  `role` varchar(255) COLLATE utf8mb4_unicode_ci NOT NULL,
  `created_at` timestamp NULL DEFAULT NULL,
  `updated_at` timestamp NULL DEFAULT NULL,
  PRIMARY KEY (`id`),
  UNIQUE KEY `users_email_unique` (`email`)
) ENGINE=InnoDB AUTO_INCREMENT=4 DEFAULT CHARSET=utf8mb4 COLLATE=utf8mb4_unicode_ci;
/*!40101 SET character_set_client = @saved_cs_client */;

--
-- Dumping data for table `users`
--

LOCK TABLES `users` WRITE;
/*!40000 ALTER TABLE `users` DISABLE KEYS */;
INSERT INTO `users` VALUES (1,'Andinda Ruth','andindaruth@gmail.com','2024-02-04 15:08:31','$2y$10$92IXUNpkjO0rOQ5byMi.Ye4oKoEa3Ro9llC/.og/at2.uheWG/igi','Admin','2024-02-04 15:08:31','2024-02-04 15:08:31'),(2,'Kimuli Violet','kimuliviolet34@gmail.com',NULL,'$2y$12$d5T7mzuE/DbLK33HYrUGVuNJHfyyG2SLSg4C8lH7n5Qvx2CF/yG6O','Store Keeper','2024-02-07 09:11:46','2024-02-07 09:11:46'),(3,'Zawadi David','davidzawadi19@gmail.com',NULL,'$2y$12$lydyMIEmv8lHun5u1ZQ4iOLB7/MSUMhyT3bQl1dSf/SvwrpghwCp2','Manager','2024-04-02 13:20:35','2024-04-02 13:20:35');
/*!40000 ALTER TABLE `users` ENABLE KEYS */;
UNLOCK TABLES;

--
-- Table structure for table `vehicle_categories`
--

DROP TABLE IF EXISTS `vehicle_categories`;
/*!40101 SET @saved_cs_client     = @@character_set_client */;
/*!50503 SET character_set_client = utf8mb4 */;
CREATE TABLE `vehicle_categories` (
  `id` bigint unsigned NOT NULL AUTO_INCREMENT,
  `name` varchar(255) COLLATE utf8mb4_unicode_ci NOT NULL,
  `created_at` timestamp NULL DEFAULT NULL,
  `updated_at` timestamp NULL DEFAULT NULL,
  PRIMARY KEY (`id`)
) ENGINE=InnoDB AUTO_INCREMENT=7 DEFAULT CHARSET=utf8mb4 COLLATE=utf8mb4_unicode_ci;
/*!40101 SET character_set_client = @saved_cs_client */;

--
-- Dumping data for table `vehicle_categories`
--

LOCK TABLES `vehicle_categories` WRITE;
/*!40000 ALTER TABLE `vehicle_categories` DISABLE KEYS */;
INSERT INTO `vehicle_categories` VALUES (1,'Farm Equipment','2024-02-05 05:36:33','2024-04-03 09:58:37'),(2,'Factory Equipment','2024-02-05 05:36:46','2024-04-03 09:58:58'),(3,'Transport','2024-02-05 05:37:55','2024-04-03 09:59:09'),(4,'Private','2024-02-05 05:38:26','2024-04-03 09:59:18'),(5,'Hired','2024-02-05 05:40:16','2024-04-03 09:59:29'),(6,'Tangi Farm','2024-04-05 13:28:15','2024-04-05 13:28:15');
/*!40000 ALTER TABLE `vehicle_categories` ENABLE KEYS */;
UNLOCK TABLES;

--
-- Table structure for table `vehicles`
--

DROP TABLE IF EXISTS `vehicles`;
/*!40101 SET @saved_cs_client     = @@character_set_client */;
/*!50503 SET character_set_client = utf8mb4 */;
CREATE TABLE `vehicles` (
  `id` bigint unsigned NOT NULL AUTO_INCREMENT,
  `category_id` bigint unsigned DEFAULT NULL,
  `model` varchar(255) COLLATE utf8mb4_unicode_ci NOT NULL,
  `number_plate` varchar(255) COLLATE utf8mb4_unicode_ci NOT NULL,
  `created_at` timestamp NULL DEFAULT NULL,
  `updated_at` timestamp NULL DEFAULT NULL,
  PRIMARY KEY (`id`),
  KEY `vehicles_category_id_foreign` (`category_id`),
  CONSTRAINT `vehicles_category_id_foreign` FOREIGN KEY (`category_id`) REFERENCES `vehicle_categories` (`id`)
) ENGINE=InnoDB AUTO_INCREMENT=41 DEFAULT CHARSET=utf8mb4 COLLATE=utf8mb4_unicode_ci;
/*!40101 SET character_set_client = @saved_cs_client */;

--
-- Dumping data for table `vehicles`
--

LOCK TABLES `vehicles` WRITE;
/*!40000 ALTER TABLE `vehicles` DISABLE KEYS */;
INSERT INTO `vehicles` VALUES (1,1,'JD5075E','UBA 227W','2024-02-05 05:41:32','2024-02-06 09:18:05'),(2,1,'JD6100B','UAW 178Y','2024-02-05 05:42:15','2024-02-06 09:18:13'),(3,1,'JD5503','UAV 851F','2024-02-05 05:43:39','2024-02-06 09:18:23'),(4,1,'JD6125D','UAV 746F','2024-02-05 05:44:27','2024-02-06 09:18:34'),(5,1,'JD6125D','UAZ 149Y','2024-02-05 05:45:32','2024-02-06 09:19:03'),(6,1,'JD5503','UAT 358R','2024-02-05 05:47:45','2024-02-06 09:19:14'),(7,1,'N/A','NEW 290MF','2024-02-05 05:48:40','2024-02-06 09:19:46'),(8,1,'N/A','OLD 290MF','2024-02-05 05:49:34','2024-02-06 09:20:20'),(9,1,'JD6125D','UBB 904D','2024-02-05 05:50:06','2024-04-03 10:12:52'),(10,1,'JD5075E','UBM 902T','2024-02-05 05:50:54','2024-04-03 10:12:38'),(11,1,'JD5075E','UBM 901T','2024-02-05 05:51:24','2024-04-03 10:13:13'),(12,1,'Detasseler','UBP 634J','2024-02-05 05:57:34','2024-04-03 10:13:50'),(13,1,'Combine','UBF 024H','2024-02-05 05:58:58','2024-04-05 13:31:00'),(14,1,'Maccormick','UBH 547T','2024-02-05 05:59:58','2024-04-03 10:08:30'),(15,3,'Isuzu','UAA 417W','2024-02-05 06:00:38','2024-04-03 10:12:06'),(16,3,'Canter','UAQ 358E','2024-02-05 06:01:00','2024-04-03 10:11:22'),(17,3,'Tata','UAT 198J','2024-02-05 06:01:53','2024-04-03 10:14:08'),(18,3,'Red Scania','UAN 759L','2024-02-05 06:02:15','2024-04-05 13:29:12'),(19,5,'Crane Wamara','N/A','2024-02-05 06:02:55','2024-04-03 10:17:00'),(20,4,'Prado','UAE 200M','2024-02-05 06:04:21','2024-04-03 10:18:29'),(21,4,'Prado','UAW 490K','2024-02-05 06:04:47','2024-04-03 10:18:15'),(22,2,'Bull Back hoe','UBL 280X','2024-02-05 06:10:54','2024-04-05 13:33:05'),(23,2,'Concrete Mix','N/A','2024-02-05 06:11:25','2024-04-03 10:11:10'),(24,5,'Excavator','N/A','2024-02-05 06:13:03','2024-04-03 10:15:23'),(25,6,'Tangi Farm','N/A','2024-02-05 06:13:33','2024-04-05 13:29:41'),(26,2,'Generator','N/A','2024-02-05 06:13:50','2024-04-05 13:30:39'),(27,1,'JD5075E','UBM 903T','2024-02-21 14:01:06','2024-04-03 10:16:27'),(28,5,'N/A','Onboarding','2024-02-22 14:50:59','2024-02-22 14:50:59'),(29,1,'Corn picker 1','UBP 547S','2024-02-27 06:09:43','2024-04-03 10:17:55'),(30,5,'N/A','TRACTOR','2024-02-27 08:22:35','2024-02-27 08:22:35'),(31,4,'Prado','UAK 668M','2024-03-03 14:34:55','2024-04-05 13:33:27'),(32,3,'Howo','UBP 208Q','2024-03-03 14:37:07','2024-04-05 13:29:55'),(33,1,'Pivot Irrigation','Kiyanda Irrigation Farm','2024-03-03 14:38:04','2024-04-03 10:08:15'),(34,1,'N/A','Farm Operations','2024-03-06 07:12:15','2024-04-03 10:15:11'),(35,3,'Blue Scania','UAN 371D','2024-03-20 13:28:10','2024-04-03 10:14:47'),(36,1,'Other','UBB 746','2024-03-25 08:00:49','2024-03-25 08:00:49'),(37,3,'Benz','UBP 207Q','2024-04-05 13:33:57','2024-04-05 13:33:57'),(38,2,'Manitou Telehandler','UBQ 900K','2024-04-12 10:05:06','2024-04-12 10:05:06'),(39,2,'JCB Forklift','UBQ 680K','2024-04-12 10:06:50','2024-04-12 10:06:50'),(40,2,'Manitou Forklift','UBQ 679K','2024-04-12 10:07:38','2024-04-12 10:07:38');
/*!40000 ALTER TABLE `vehicles` ENABLE KEYS */;
UNLOCK TABLES;
/*!40103 SET TIME_ZONE=@OLD_TIME_ZONE */;

/*!40101 SET SQL_MODE=@OLD_SQL_MODE */;
/*!40014 SET FOREIGN_KEY_CHECKS=@OLD_FOREIGN_KEY_CHECKS */;
/*!40014 SET UNIQUE_CHECKS=@OLD_UNIQUE_CHECKS */;
/*!40101 SET CHARACTER_SET_CLIENT=@OLD_CHARACTER_SET_CLIENT */;
/*!40101 SET CHARACTER_SET_RESULTS=@OLD_CHARACTER_SET_RESULTS */;
/*!40101 SET COLLATION_CONNECTION=@OLD_COLLATION_CONNECTION */;
/*!40111 SET SQL_NOTES=@OLD_SQL_NOTES */;

-- Dump completed on 2024-05-01 13:35:55
